 # RSSE per-bin table
  cols: bin, -E/N,err, C/N,err, <m^2>,err, rhos_x,err, rhos_y,err, rhos_av,err, X(0,0),err
        <sign>_mean, <sign>_err
       1      0.22224062     0.00000000    -4.27863635     0.00000000     0.00000000     0.00000000     0.00000000     0.00000000     0.00000000     0.00000000     0.00000000     0.00000000     0.00000000     0.00000000     0.01208000     0.00000000
       2      0.21331635     0.00631041    -3.57494880     0.49758224     0.00000000     0.00000000     0.00000000     0.00000000     0.00000000     0.00000000     0.00000000     0.00000000     0.00000000     0.00000000     0.01177000     0.00021920
       3      0.25355376     0.03312196    -0.40717943     2.60765815     0.00000000     0.00000000     0.00000000     0.00000000     0.00000000     0.00000000     0.00000000     0.00000000     0.00000000     0.00000000     0.01376000     0.00163139
       4      0.23391532     0.03010564    -2.37595238     2.59460658     0.00000000     0.00000000     0.00000000     0.00000000     0.00000000     0.00000000     0.00000000     0.00000000     0.00000000     0.00000000     0.01389000     0.00122871
       5      0.24903519     0.02762159    -1.18343930     2.33369648     0.00000000     0.00000000     0.00000000     0.00000000     0.00000000     0.00000000     0.00000000     0.00000000     0.00000000     0.00000000     0.01424400     0.00103270
       6      0.25435237     0.02352421    -0.84689775     1.96886380     0.00000000     0.00000000     0.00000000     0.00000000     0.00000000     0.00000000     0.00000000     0.00000000     0.00000000     0.00000000     0.01412000     0.00086800
       7      0.25096085     0.02040662    -0.77415851     1.68894068     0.00000000     0.00000000     0.00000000     0.00000000     0.00000000     0.00000000     0.00000000     0.00000000     0.00000000     0.00000000     0.01408000     0.00074492
       8      0.26041037     0.01992388    -0.22891875     1.56335750     0.00000000     0.00000000     0.00000000     0.00000000     0.00000000     0.00000000     0.00000000     0.00000000     0.00000000     0.00000000     0.01422000     0.00066483
       9      0.26079543     0.01771384    -0.01729712     1.40390098     0.00000000     0.00000000     0.00000000     0.00000000     0.00000000     0.00000000     0.00000000     0.00000000     0.00000000     0.00000000     0.01406000     0.00060991
      10      0.25562030     0.01668130    -0.73353600     1.43462820     0.00000000     0.00000000     0.00000000     0.00000000     0.00000000     0.00000000     0.00000000     0.00000000     0.00000000     0.00000000     0.01401400     0.00055065
      11      0.25769966     0.01529387    -0.44358611     1.33318611     0.00000000     0.00000000     0.00000000     0.00000000     0.00000000     0.00000000     0.00000000     0.00000000     0.00000000     0.00000000     0.01423636     0.00054364
      12      0.25238631     0.01491382    -0.75939470     1.25893649     0.00000000     0.00000000     0.00000000     0.00000000     0.00000000     0.00000000     0.00000000     0.00000000     0.00000000     0.00000000     0.01402167     0.00053907
      13      0.25673238     0.01438592    -0.41976894     1.20703696     0.00000000     0.00000000     0.00000000     0.00000000     0.00000000     0.00000000     0.00000000     0.00000000     0.00000000     0.00000000     0.01436000     0.00059436
      14      0.25934507     0.01359354    -0.27592136     1.12935896     0.00000000     0.00000000     0.00000000     0.00000000     0.00000000     0.00000000     0.00000000     0.00000000     0.00000000     0.00000000     0.01476143     0.00067397
      15      0.25286169     0.01414919    -0.86662711     1.19863722     0.00000000     0.00000000     0.00000000     0.00000000     0.00000000     0.00000000     0.00000000     0.00000000     0.00000000     0.00000000     0.01453067     0.00066738
      16      0.25337775     0.01327427    -0.87274323     1.12373800     0.00000000     0.00000000     0.00000000     0.00000000     0.00000000     0.00000000     0.00000000     0.00000000     0.00000000     0.00000000     0.01453500     0.00062568
      17      0.25197526     0.01256730    -0.90755964     1.05817498     0.00000000     0.00000000     0.00000000     0.00000000     0.00000000     0.00000000     0.00000000     0.00000000     0.00000000     0.00000000     0.01430471     0.00062983
      18      0.24270289     0.01490223    -2.16866350     1.58139295     0.00000000     0.00000000     0.00000000     0.00000000     0.00000000     0.00000000     0.00000000     0.00000000     0.00000000     0.00000000     0.01402111     0.00065559
      19      0.24430714     0.01420399    -1.92391045     1.51698379     0.00000000     0.00000000     0.00000000     0.00000000     0.00000000     0.00000000     0.00000000     0.00000000     0.00000000     0.00000000     0.01408000     0.00062372
      20      0.24487609     0.01350518    -1.67974405     1.46065236     0.00000000     0.00000000     0.00000000     0.00000000     0.00000000     0.00000000     0.00000000     0.00000000     0.00000000     0.00000000     0.01405600     0.00059300
  
  ==========================================
  RSSE: Resummation-based SSE
  Lattice:    3 x    1
  beta =   10.000
  N =    2.000
   Mode: RSSE local updates (uncolored loops)
  ==========================================
  
  RSSE Results for SU(N) Heisenberg
  Cut-off M :           58
  Bins completed :           20
  =========================================
  -E/N        :      0.24487609     0.01350518
   C/N        :     -1.67974405     1.46065236
   <m**2>     :      0.00000000     0.00000000
   rhos_x     :      0.00000000     0.00000000
   rhos_y     :      0.00000000     0.00000000
   rhos_av    :      0.00000000     0.00000000
   X(0,0)     :      0.00000000     0.00000000
   <sign>     :      0.01405600     0.00059300
  =========================================
 # RSSE per-bin table
  cols: bin, -E/N,err, C/N,err, <m^2>,err, rhos_x,err, rhos_y,err, rhos_av,err, X(0,0),err
        <sign>_mean, <sign>_err
       1      0.22224062     0.00000000    -4.27863635     0.00000000     0.00000000     0.00000000     0.00000000     0.00000000     0.00000000     0.00000000     0.00000000     0.00000000     0.00000000     0.00000000     0.01208000     0.00000000
       2      0.21331635     0.00631041    -3.57494880     0.49758224     0.00000000     0.00000000     0.00000000     0.00000000     0.00000000     0.00000000     0.00000000     0.00000000     0.00000000     0.00000000     0.01177000     0.00021920
       3      0.25355376     0.03312196    -0.40717943     2.60765815     0.00000000     0.00000000     0.00000000     0.00000000     0.00000000     0.00000000     0.00000000     0.00000000     0.00000000     0.00000000     0.01376000     0.00163139
       4      0.23391532     0.03010564    -2.37595238     2.59460658     0.00000000     0.00000000     0.00000000     0.00000000     0.00000000     0.00000000     0.00000000     0.00000000     0.00000000     0.00000000     0.01389000     0.00122871
       5      0.24903519     0.02762159    -1.18343930     2.33369648     0.00000000     0.00000000     0.00000000     0.00000000     0.00000000     0.00000000     0.00000000     0.00000000     0.00000000     0.00000000     0.01424400     0.00103270
       6      0.25435237     0.02352421    -0.84689775     1.96886380     0.00000000     0.00000000     0.00000000     0.00000000     0.00000000     0.00000000     0.00000000     0.00000000     0.00000000     0.00000000     0.01412000     0.00086800
       7      0.25096085     0.02040662    -0.77415851     1.68894068     0.00000000     0.00000000     0.00000000     0.00000000     0.00000000     0.00000000     0.00000000     0.00000000     0.00000000     0.00000000     0.01408000     0.00074492
       8      0.26041037     0.01992388    -0.22891875     1.56335750     0.00000000     0.00000000     0.00000000     0.00000000     0.00000000     0.00000000     0.00000000     0.00000000     0.00000000     0.00000000     0.01422000     0.00066483
       9      0.26079543     0.01771384    -0.01729712     1.40390098     0.00000000     0.00000000     0.00000000     0.00000000     0.00000000     0.00000000     0.00000000     0.00000000     0.00000000     0.00000000     0.01406000     0.00060991
      10      0.25562030     0.01668130    -0.73353600     1.43462820     0.00000000     0.00000000     0.00000000     0.00000000     0.00000000     0.00000000     0.00000000     0.00000000     0.00000000     0.00000000     0.01401400     0.00055065
      11      0.25769966     0.01529387    -0.44358611     1.33318611     0.00000000     0.00000000     0.00000000     0.00000000     0.00000000     0.00000000     0.00000000     0.00000000     0.00000000     0.00000000     0.01423636     0.00054364
      12      0.25238631     0.01491382    -0.75939470     1.25893649     0.00000000     0.00000000     0.00000000     0.00000000     0.00000000     0.00000000     0.00000000     0.00000000     0.00000000     0.00000000     0.01402167     0.00053907
      13      0.25673238     0.01438592    -0.41976894     1.20703696     0.00000000     0.00000000     0.00000000     0.00000000     0.00000000     0.00000000     0.00000000     0.00000000     0.00000000     0.00000000     0.01436000     0.00059436
      14      0.25934507     0.01359354    -0.27592136     1.12935896     0.00000000     0.00000000     0.00000000     0.00000000     0.00000000     0.00000000     0.00000000     0.00000000     0.00000000     0.00000000     0.01476143     0.00067397
      15      0.25286169     0.01414919    -0.86662711     1.19863722     0.00000000     0.00000000     0.00000000     0.00000000     0.00000000     0.00000000     0.00000000     0.00000000     0.00000000     0.00000000     0.01453067     0.00066738
      16      0.25337775     0.01327427    -0.87274323     1.12373800     0.00000000     0.00000000     0.00000000     0.00000000     0.00000000     0.00000000     0.00000000     0.00000000     0.00000000     0.00000000     0.01453500     0.00062568
      17      0.25197526     0.01256730    -0.90755964     1.05817498     0.00000000     0.00000000     0.00000000     0.00000000     0.00000000     0.00000000     0.00000000     0.00000000     0.00000000     0.00000000     0.01430471     0.00062983
      18      0.24270289     0.01490223    -2.16866350     1.58139295     0.00000000     0.00000000     0.00000000     0.00000000     0.00000000     0.00000000     0.00000000     0.00000000     0.00000000     0.00000000     0.01402111     0.00065559
      19      0.24430714     0.01420399    -1.92391045     1.51698379     0.00000000     0.00000000     0.00000000     0.00000000     0.00000000     0.00000000     0.00000000     0.00000000     0.00000000     0.00000000     0.01408000     0.00062372
      20      0.24487609     0.01350518    -1.67974405     1.46065236     0.00000000     0.00000000     0.00000000     0.00000000     0.00000000     0.00000000     0.00000000     0.00000000     0.00000000     0.00000000     0.01405600     0.00059300
  
  ==========================================
  RSSE: Resummation-based SSE
  Lattice:    3 x    1
  beta =   10.000
  N =    2.000
   Mode: RSSE local updates (uncolored loops)
  ==========================================
  
  RSSE Results for SU(N) Heisenberg
  Cut-off M :           58
  Bins completed :           20
  =========================================
  -E/N        :      0.24487609     0.01350518
   C/N        :     -1.67974405     1.46065236
   <m**2>     :      0.00000000     0.00000000
   rhos_x     :      0.00000000     0.00000000
   rhos_y     :      0.00000000     0.00000000
   rhos_av    :      0.00000000     0.00000000
   X(0,0)     :      0.00000000     0.00000000
   <sign>     :      0.01405600     0.00059300
  =========================================
 # RSSE per-bin table
  cols: bin, -E/N,err, C/N,err, <m^2>,err, rhos_x,err, rhos_y,err, rhos_av,err, X(0,0),err
        <sign>_mean, <sign>_err
       1      0.30014039     0.00000000     4.19283404     0.00000000     0.00000000     0.00000000     0.00000000     0.00000000     0.00000000     0.00000000     0.00000000     0.00000000     0.00000000     0.00000000     0.01662000     0.00000000
       2      0.28333107     0.01188599     3.28010952     0.64539370     0.00000000     0.00000000     0.00000000     0.00000000     0.00000000     0.00000000     0.00000000     0.00000000     0.00000000     0.00000000     0.01521000     0.00099702
       3      0.26343629     0.01807368     1.19041457     1.75964270     0.00000000     0.00000000     0.00000000     0.00000000     0.00000000     0.00000000     0.00000000     0.00000000     0.00000000     0.00000000     0.01482000     0.00073702
       4      0.27927150     0.01928239     2.78235852     1.90850905     0.00000000     0.00000000     0.00000000     0.00000000     0.00000000     0.00000000     0.00000000     0.00000000     0.00000000     0.00000000     0.01458500     0.00058904
       5      0.27174317     0.01683150     2.39301364     1.56601785     0.00000000     0.00000000     0.00000000     0.00000000     0.00000000     0.00000000     0.00000000     0.00000000     0.00000000     0.00000000     0.01438400     0.00050436
       6      0.26857677     0.01432099     2.51162817     1.30949926     0.00000000     0.00000000     0.00000000     0.00000000     0.00000000     0.00000000     0.00000000     0.00000000     0.00000000     0.00000000     0.01395000     0.00057760
       7      0.26930399     0.01229358     2.83062559     1.16063206     0.00000000     0.00000000     0.00000000     0.00000000     0.00000000     0.00000000     0.00000000     0.00000000     0.00000000     0.00000000     0.01344000     0.00068414
       8      0.26303731     0.01225043     2.29483302     1.13249171     0.00000000     0.00000000     0.00000000     0.00000000     0.00000000     0.00000000     0.00000000     0.00000000     0.00000000     0.00000000     0.01335750     0.00060358
       9      0.25926623     0.01145500     1.89780683     1.07400108     0.00000000     0.00000000     0.00000000     0.00000000     0.00000000     0.00000000     0.00000000     0.00000000     0.00000000     0.00000000     0.01308000     0.00059691
      10      0.25622643     0.01070524     1.73335925     0.97910987     0.00000000     0.00000000     0.00000000     0.00000000     0.00000000     0.00000000     0.00000000     0.00000000     0.00000000     0.00000000     0.01316800     0.00054366
      11      0.25909452     0.01010894     1.77098506     0.89082254     0.00000000     0.00000000     0.00000000     0.00000000     0.00000000     0.00000000     0.00000000     0.00000000     0.00000000     0.00000000     0.01367636     0.00069225
      12      0.25672885     0.00953932     1.28265076     0.94096372     0.00000000     0.00000000     0.00000000     0.00000000     0.00000000     0.00000000     0.00000000     0.00000000     0.00000000     0.00000000     0.01376333     0.00064000
      13      0.24724746     0.01266960     0.01616833     1.49500145     0.00000000     0.00000000     0.00000000     0.00000000     0.00000000     0.00000000     0.00000000     0.00000000     0.00000000     0.00000000     0.01345077     0.00066272
      14      0.23850735     0.01446858    -0.95006755     1.67154655     0.00000000     0.00000000     0.00000000     0.00000000     0.00000000     0.00000000     0.00000000     0.00000000     0.00000000     0.00000000     0.01311571     0.00069494
      15      0.23956125     0.01354234    -0.95190176     1.56011112     0.00000000     0.00000000     0.00000000     0.00000000     0.00000000     0.00000000     0.00000000     0.00000000     0.00000000     0.00000000     0.01320933     0.00065488
      16      0.23780492     0.01280932    -1.08521357     1.46828889     0.00000000     0.00000000     0.00000000     0.00000000     0.00000000     0.00000000     0.00000000     0.00000000     0.00000000     0.00000000     0.01316000     0.00061581
      17      0.23947617     0.01216437    -0.90822378     1.39254541     0.00000000     0.00000000     0.00000000     0.00000000     0.00000000     0.00000000     0.00000000     0.00000000     0.00000000     0.00000000     0.01316941     0.00057966
      18      0.24184994     0.01171789    -0.68462484     1.33301238     0.00000000     0.00000000     0.00000000     0.00000000     0.00000000     0.00000000     0.00000000     0.00000000     0.00000000     0.00000000     0.01345444     0.00061354
      19      0.23893041     0.01145910    -0.75452999     1.26468547     0.00000000     0.00000000     0.00000000     0.00000000     0.00000000     0.00000000     0.00000000     0.00000000     0.00000000     0.00000000     0.01327053     0.00060819
      20      0.23867920     0.01088889    -0.93766779     1.21463882     0.00000000     0.00000000     0.00000000     0.00000000     0.00000000     0.00000000     0.00000000     0.00000000     0.00000000     0.00000000     0.01324700     0.00057824
  
  ==========================================
  RSSE: Resummation-based SSE
  Lattice:    3 x    1
  beta =   10.000
  N =    2.000
   Mode: RSSE local updates (uncolored loops)
  ==========================================
  
  RSSE Results for SU(N) Heisenberg
  Cut-off M :           54
  Bins completed :           20
  =========================================
  -E/N        :      0.23867920     0.01088889
   C/N        :     -0.93766779     1.21463882
   <m**2>     :      0.00000000     0.00000000
   rhos_x     :      0.00000000     0.00000000
   rhos_y     :      0.00000000     0.00000000
   rhos_av    :      0.00000000     0.00000000
   X(0,0)     :      0.00000000     0.00000000
   <sign>     :      0.01324700     0.00057824
  =========================================
 # RSSE per-bin table
  cols: bin, -E/N,err, C/N,err, <m^2>,err, rhos_x,err, rhos_y,err, rhos_av,err, X(0,0),err
        <sign>_mean, <sign>_err
       1      0.30014039     0.00000000     4.19283404     0.00000000     0.00000000     0.00000000     0.00000000     0.00000000     0.00000000     0.00000000     0.00000000     0.00000000     0.00000000     0.00000000     0.01662000     0.00000000
       2      0.28333107     0.01188599     3.28010952     0.64539370     0.00000000     0.00000000     0.00000000     0.00000000     0.00000000     0.00000000     0.00000000     0.00000000     0.00000000     0.00000000     0.01521000     0.00099702
       3      0.26343629     0.01807368     1.19041457     1.75964270     0.00000000     0.00000000     0.00000000     0.00000000     0.00000000     0.00000000     0.00000000     0.00000000     0.00000000     0.00000000     0.01482000     0.00073702
       4      0.27927150     0.01928239     2.78235852     1.90850905     0.00000000     0.00000000     0.00000000     0.00000000     0.00000000     0.00000000     0.00000000     0.00000000     0.00000000     0.00000000     0.01458500     0.00058904
       5      0.27174317     0.01683150     2.39301364     1.56601785     0.00000000     0.00000000     0.00000000     0.00000000     0.00000000     0.00000000     0.00000000     0.00000000     0.00000000     0.00000000     0.01438400     0.00050436
       6      0.26857677     0.01432099     2.51162817     1.30949926     0.00000000     0.00000000     0.00000000     0.00000000     0.00000000     0.00000000     0.00000000     0.00000000     0.00000000     0.00000000     0.01395000     0.00057760
       7      0.26930399     0.01229358     2.83062559     1.16063206     0.00000000     0.00000000     0.00000000     0.00000000     0.00000000     0.00000000     0.00000000     0.00000000     0.00000000     0.00000000     0.01344000     0.00068414
       8      0.26303731     0.01225043     2.29483302     1.13249171     0.00000000     0.00000000     0.00000000     0.00000000     0.00000000     0.00000000     0.00000000     0.00000000     0.00000000     0.00000000     0.01335750     0.00060358
       9      0.25926623     0.01145500     1.89780683     1.07400108     0.00000000     0.00000000     0.00000000     0.00000000     0.00000000     0.00000000     0.00000000     0.00000000     0.00000000     0.00000000     0.01308000     0.00059691
      10      0.25622643     0.01070524     1.73335925     0.97910987     0.00000000     0.00000000     0.00000000     0.00000000     0.00000000     0.00000000     0.00000000     0.00000000     0.00000000     0.00000000     0.01316800     0.00054366
      11      0.25909452     0.01010894     1.77098506     0.89082254     0.00000000     0.00000000     0.00000000     0.00000000     0.00000000     0.00000000     0.00000000     0.00000000     0.00000000     0.00000000     0.01367636     0.00069225
      12      0.25672885     0.00953932     1.28265076     0.94096372     0.00000000     0.00000000     0.00000000     0.00000000     0.00000000     0.00000000     0.00000000     0.00000000     0.00000000     0.00000000     0.01376333     0.00064000
      13      0.24724746     0.01266960     0.01616833     1.49500145     0.00000000     0.00000000     0.00000000     0.00000000     0.00000000     0.00000000     0.00000000     0.00000000     0.00000000     0.00000000     0.01345077     0.00066272
      14      0.23850735     0.01446858    -0.95006755     1.67154655     0.00000000     0.00000000     0.00000000     0.00000000     0.00000000     0.00000000     0.00000000     0.00000000     0.00000000     0.00000000     0.01311571     0.00069494
      15      0.23956125     0.01354234    -0.95190176     1.56011112     0.00000000     0.00000000     0.00000000     0.00000000     0.00000000     0.00000000     0.00000000     0.00000000     0.00000000     0.00000000     0.01320933     0.00065488
      16      0.23780492     0.01280932    -1.08521357     1.46828889     0.00000000     0.00000000     0.00000000     0.00000000     0.00000000     0.00000000     0.00000000     0.00000000     0.00000000     0.00000000     0.01316000     0.00061581
      17      0.23947617     0.01216437    -0.90822378     1.39254541     0.00000000     0.00000000     0.00000000     0.00000000     0.00000000     0.00000000     0.00000000     0.00000000     0.00000000     0.00000000     0.01316941     0.00057966
      18      0.24184994     0.01171789    -0.68462484     1.33301238     0.00000000     0.00000000     0.00000000     0.00000000     0.00000000     0.00000000     0.00000000     0.00000000     0.00000000     0.00000000     0.01345444     0.00061354
      19      0.23893041     0.01145910    -0.75452999     1.26468547     0.00000000     0.00000000     0.00000000     0.00000000     0.00000000     0.00000000     0.00000000     0.00000000     0.00000000     0.00000000     0.01327053     0.00060819
      20      0.23867920     0.01088889    -0.93766779     1.21463882     0.00000000     0.00000000     0.00000000     0.00000000     0.00000000     0.00000000     0.00000000     0.00000000     0.00000000     0.00000000     0.01324700     0.00057824
  
  ==========================================
  RSSE: Resummation-based SSE
  Lattice:    3 x    1
  beta =   10.000
  N =    2.000
   Mode: RSSE local updates (uncolored loops)
  ==========================================
  
  RSSE Results for SU(N) Heisenberg
  Cut-off M :           54
  Bins completed :           20
  =========================================
  -E/N        :      0.23867920     0.01088889
   C/N        :     -0.93766779     1.21463882
   <m**2>     :      0.00000000     0.00000000
   rhos_x     :      0.00000000     0.00000000
   rhos_y     :      0.00000000     0.00000000
   rhos_av    :      0.00000000     0.00000000
   X(0,0)     :      0.00000000     0.00000000
   <sign>     :      0.01324700     0.00057824
  =========================================
 # RSSE per-bin table
  cols: bin, -E/N,err, C/N,err, <m^2>,err, rhos_x,err, rhos_y,err, rhos_av,err, X(0,0),err
        <sign>_mean, <sign>_err
       1      0.22224062     0.00000000    -4.27863635     0.00000000     0.00000000     0.00000000     0.00000000     0.00000000     0.00000000     0.00000000     0.00000000     0.00000000     0.00000000     0.00000000     0.01208000     0.00000000
       2      0.21331635     0.00631041    -3.57494880     0.49758224     0.00000000     0.00000000     0.00000000     0.00000000     0.00000000     0.00000000     0.00000000     0.00000000     0.00000000     0.00000000     0.01177000     0.00021920
       3      0.25355376     0.03312196    -0.40717943     2.60765815     0.00000000     0.00000000     0.00000000     0.00000000     0.00000000     0.00000000     0.00000000     0.00000000     0.00000000     0.00000000     0.01376000     0.00163139
       4      0.23391532     0.03010564    -2.37595238     2.59460658     0.00000000     0.00000000     0.00000000     0.00000000     0.00000000     0.00000000     0.00000000     0.00000000     0.00000000     0.00000000     0.01389000     0.00122871
       5      0.24903519     0.02762159    -1.18343930     2.33369648     0.00000000     0.00000000     0.00000000     0.00000000     0.00000000     0.00000000     0.00000000     0.00000000     0.00000000     0.00000000     0.01424400     0.00103270
       6      0.25435237     0.02352421    -0.84689775     1.96886380     0.00000000     0.00000000     0.00000000     0.00000000     0.00000000     0.00000000     0.00000000     0.00000000     0.00000000     0.00000000     0.01412000     0.00086800
       7      0.25096085     0.02040662    -0.77415851     1.68894068     0.00000000     0.00000000     0.00000000     0.00000000     0.00000000     0.00000000     0.00000000     0.00000000     0.00000000     0.00000000     0.01408000     0.00074492
       8      0.26041037     0.01992388    -0.22891875     1.56335750     0.00000000     0.00000000     0.00000000     0.00000000     0.00000000     0.00000000     0.00000000     0.00000000     0.00000000     0.00000000     0.01422000     0.00066483
       9      0.26079543     0.01771384    -0.01729712     1.40390098     0.00000000     0.00000000     0.00000000     0.00000000     0.00000000     0.00000000     0.00000000     0.00000000     0.00000000     0.00000000     0.01406000     0.00060991
      10      0.25562030     0.01668130    -0.73353600     1.43462820     0.00000000     0.00000000     0.00000000     0.00000000     0.00000000     0.00000000     0.00000000     0.00000000     0.00000000     0.00000000     0.01401400     0.00055065
      11      0.25769966     0.01529387    -0.44358611     1.33318611     0.00000000     0.00000000     0.00000000     0.00000000     0.00000000     0.00000000     0.00000000     0.00000000     0.00000000     0.00000000     0.01423636     0.00054364
      12      0.25238631     0.01491382    -0.75939470     1.25893649     0.00000000     0.00000000     0.00000000     0.00000000     0.00000000     0.00000000     0.00000000     0.00000000     0.00000000     0.00000000     0.01402167     0.00053907
      13      0.25673238     0.01438592    -0.41976894     1.20703696     0.00000000     0.00000000     0.00000000     0.00000000     0.00000000     0.00000000     0.00000000     0.00000000     0.00000000     0.00000000     0.01436000     0.00059436
      14      0.25934507     0.01359354    -0.27592136     1.12935896     0.00000000     0.00000000     0.00000000     0.00000000     0.00000000     0.00000000     0.00000000     0.00000000     0.00000000     0.00000000     0.01476143     0.00067397
      15      0.25286169     0.01414919    -0.86662711     1.19863722     0.00000000     0.00000000     0.00000000     0.00000000     0.00000000     0.00000000     0.00000000     0.00000000     0.00000000     0.00000000     0.01453067     0.00066738
      16      0.25337775     0.01327427    -0.87274323     1.12373800     0.00000000     0.00000000     0.00000000     0.00000000     0.00000000     0.00000000     0.00000000     0.00000000     0.00000000     0.00000000     0.01453500     0.00062568
      17      0.25197526     0.01256730    -0.90755964     1.05817498     0.00000000     0.00000000     0.00000000     0.00000000     0.00000000     0.00000000     0.00000000     0.00000000     0.00000000     0.00000000     0.01430471     0.00062983
      18      0.24270289     0.01490223    -2.16866350     1.58139295     0.00000000     0.00000000     0.00000000     0.00000000     0.00000000     0.00000000     0.00000000     0.00000000     0.00000000     0.00000000     0.01402111     0.00065559
      19      0.24430714     0.01420399    -1.92391045     1.51698379     0.00000000     0.00000000     0.00000000     0.00000000     0.00000000     0.00000000     0.00000000     0.00000000     0.00000000     0.00000000     0.01408000     0.00062372
      20      0.24487609     0.01350518    -1.67974405     1.46065236     0.00000000     0.00000000     0.00000000     0.00000000     0.00000000     0.00000000     0.00000000     0.00000000     0.00000000     0.00000000     0.01405600     0.00059300
  
  ==========================================
  RSSE: Resummation-based SSE
  Lattice:    3 x    1
  beta =   10.000
  N =    2.000
   Mode: RSSE local updates (uncolored loops)
  ==========================================
  
  RSSE Results for SU(N) Heisenberg
  Cut-off M :           58
  Bins completed :           20
  =========================================
  -E/N        :      0.24487609     0.01350518
   C/N        :     -1.67974405     1.46065236
   <m**2>     :      0.00000000     0.00000000
   rhos_x     :      0.00000000     0.00000000
   rhos_y     :      0.00000000     0.00000000
   rhos_av    :      0.00000000     0.00000000
   X(0,0)     :      0.00000000     0.00000000
   <sign>     :      0.01405600     0.00059300
  =========================================
 # RSSE per-bin table
  cols: bin, -E/N,err, C/N,err, <m^2>,err, rhos_x,err, rhos_y,err, rhos_av,err, X(0,0),err
        <sign>_mean, <sign>_err
       1      0.22224062     0.00000000    -4.27863635     0.00000000     0.00000000     0.00000000     0.00000000     0.00000000     0.00000000     0.00000000     0.00000000     0.00000000     0.00000000     0.00000000     0.01208000     0.00000000
       2      0.21331635     0.00631041    -3.57494880     0.49758224     0.00000000     0.00000000     0.00000000     0.00000000     0.00000000     0.00000000     0.00000000     0.00000000     0.00000000     0.00000000     0.01177000     0.00021920
       3      0.25355376     0.03312196    -0.40717943     2.60765815     0.00000000     0.00000000     0.00000000     0.00000000     0.00000000     0.00000000     0.00000000     0.00000000     0.00000000     0.00000000     0.01376000     0.00163139
       4      0.23391532     0.03010564    -2.37595238     2.59460658     0.00000000     0.00000000     0.00000000     0.00000000     0.00000000     0.00000000     0.00000000     0.00000000     0.00000000     0.00000000     0.01389000     0.00122871
       5      0.24903519     0.02762159    -1.18343930     2.33369648     0.00000000     0.00000000     0.00000000     0.00000000     0.00000000     0.00000000     0.00000000     0.00000000     0.00000000     0.00000000     0.01424400     0.00103270
       6      0.25435237     0.02352421    -0.84689775     1.96886380     0.00000000     0.00000000     0.00000000     0.00000000     0.00000000     0.00000000     0.00000000     0.00000000     0.00000000     0.00000000     0.01412000     0.00086800
       7      0.25096085     0.02040662    -0.77415851     1.68894068     0.00000000     0.00000000     0.00000000     0.00000000     0.00000000     0.00000000     0.00000000     0.00000000     0.00000000     0.00000000     0.01408000     0.00074492
       8      0.26041037     0.01992388    -0.22891875     1.56335750     0.00000000     0.00000000     0.00000000     0.00000000     0.00000000     0.00000000     0.00000000     0.00000000     0.00000000     0.00000000     0.01422000     0.00066483
       9      0.26079543     0.01771384    -0.01729712     1.40390098     0.00000000     0.00000000     0.00000000     0.00000000     0.00000000     0.00000000     0.00000000     0.00000000     0.00000000     0.00000000     0.01406000     0.00060991
      10      0.25562030     0.01668130    -0.73353600     1.43462820     0.00000000     0.00000000     0.00000000     0.00000000     0.00000000     0.00000000     0.00000000     0.00000000     0.00000000     0.00000000     0.01401400     0.00055065
      11      0.25769966     0.01529387    -0.44358611     1.33318611     0.00000000     0.00000000     0.00000000     0.00000000     0.00000000     0.00000000     0.00000000     0.00000000     0.00000000     0.00000000     0.01423636     0.00054364
      12      0.25238631     0.01491382    -0.75939470     1.25893649     0.00000000     0.00000000     0.00000000     0.00000000     0.00000000     0.00000000     0.00000000     0.00000000     0.00000000     0.00000000     0.01402167     0.00053907
      13      0.25673238     0.01438592    -0.41976894     1.20703696     0.00000000     0.00000000     0.00000000     0.00000000     0.00000000     0.00000000     0.00000000     0.00000000     0.00000000     0.00000000     0.01436000     0.00059436
      14      0.25934507     0.01359354    -0.27592136     1.12935896     0.00000000     0.00000000     0.00000000     0.00000000     0.00000000     0.00000000     0.00000000     0.00000000     0.00000000     0.00000000     0.01476143     0.00067397
      15      0.25286169     0.01414919    -0.86662711     1.19863722     0.00000000     0.00000000     0.00000000     0.00000000     0.00000000     0.00000000     0.00000000     0.00000000     0.00000000     0.00000000     0.01453067     0.00066738
      16      0.25337775     0.01327427    -0.87274323     1.12373800     0.00000000     0.00000000     0.00000000     0.00000000     0.00000000     0.00000000     0.00000000     0.00000000     0.00000000     0.00000000     0.01453500     0.00062568
      17      0.25197526     0.01256730    -0.90755964     1.05817498     0.00000000     0.00000000     0.00000000     0.00000000     0.00000000     0.00000000     0.00000000     0.00000000     0.00000000     0.00000000     0.01430471     0.00062983
      18      0.24270289     0.01490223    -2.16866350     1.58139295     0.00000000     0.00000000     0.00000000     0.00000000     0.00000000     0.00000000     0.00000000     0.00000000     0.00000000     0.00000000     0.01402111     0.00065559
      19      0.24430714     0.01420399    -1.92391045     1.51698379     0.00000000     0.00000000     0.00000000     0.00000000     0.00000000     0.00000000     0.00000000     0.00000000     0.00000000     0.00000000     0.01408000     0.00062372
      20      0.24487609     0.01350518    -1.67974405     1.46065236     0.00000000     0.00000000     0.00000000     0.00000000     0.00000000     0.00000000     0.00000000     0.00000000     0.00000000     0.00000000     0.01405600     0.00059300
  
  ==========================================
  RSSE: Resummation-based SSE
  Lattice:    3 x    1
  beta =   10.000
  N =    2.000
   Mode: RSSE local updates (uncolored loops)
  ==========================================
  
  RSSE Results for SU(N) Heisenberg
  Cut-off M :           58
  Bins completed :           20
  =========================================
  -E/N        :      0.24487609     0.01350518
   C/N        :     -1.67974405     1.46065236
   <m**2>     :      0.00000000     0.00000000
   rhos_x     :      0.00000000     0.00000000
   rhos_y     :      0.00000000     0.00000000
   rhos_av    :      0.00000000     0.00000000
   X(0,0)     :      0.00000000     0.00000000
   <sign>     :      0.01405600     0.00059300
  =========================================
 # RSSE per-bin table
  cols: bin, -E/N,err, C/N,err, <m^2>,err, rhos_x,err, rhos_y,err, rhos_av,err, X(0,0),err
        <sign>_mean, <sign>_err
       1      0.15490956     0.00000000   -12.13384612     0.00000000     0.00000000     0.00000000     0.00000000     0.00000000     0.00000000     0.00000000     0.00000000     0.00000000     0.00000000     0.00000000     0.01032000     0.00000000
       2      0.20142862     0.03289394    -3.97531310     5.76895403     0.00000000     0.00000000     0.00000000     0.00000000     0.00000000     0.00000000     0.00000000     0.00000000     0.00000000     0.00000000     0.01255000     0.00157685
       3      0.18050300     0.02779955    -8.87311408     5.54831355     0.00000000     0.00000000     0.00000000     0.00000000     0.00000000     0.00000000     0.00000000     0.00000000     0.00000000     0.00000000     0.01164667     0.00128417
       4      0.20047796     0.02709165    -6.12399669     4.79417489     0.00000000     0.00000000     0.00000000     0.00000000     0.00000000     0.00000000     0.00000000     0.00000000     0.00000000     0.00000000     0.01250000     0.00121398
       5      0.20153481     0.02169393    -6.22843243     3.83647725     0.00000000     0.00000000     0.00000000     0.00000000     0.00000000     0.00000000     0.00000000     0.00000000     0.00000000     0.00000000     0.01182800     0.00114213
       6      0.21316790     0.02096659    -4.47003899     3.57740738     0.00000000     0.00000000     0.00000000     0.00000000     0.00000000     0.00000000     0.00000000     0.00000000     0.00000000     0.00000000     0.01202333     0.00096834
       7      0.21701180     0.01832033    -3.85048175     3.11953724     0.00000000     0.00000000     0.00000000     0.00000000     0.00000000     0.00000000     0.00000000     0.00000000     0.00000000     0.00000000     0.01195143     0.00083267
       8      0.22807699     0.01908151    -2.53115303     2.99561998     0.00000000     0.00000000     0.00000000     0.00000000     0.00000000     0.00000000     0.00000000     0.00000000     0.00000000     0.00000000     0.01233250     0.00081111
       9      0.23940509     0.02004381    -2.08702317     2.69549555     0.00000000     0.00000000     0.00000000     0.00000000     0.00000000     0.00000000     0.00000000     0.00000000     0.00000000     0.00000000     0.01319333     0.00108560
      10      0.24034817     0.01806160    -1.72492596     2.45014630     0.00000000     0.00000000     0.00000000     0.00000000     0.00000000     0.00000000     0.00000000     0.00000000     0.00000000     0.00000000     0.01304800     0.00098672
      11      0.24630582     0.01737445    -1.10417831     2.30469828     0.00000000     0.00000000     0.00000000     0.00000000     0.00000000     0.00000000     0.00000000     0.00000000     0.00000000     0.00000000     0.01316000     0.00090335
      12      0.24679436     0.01593345    -0.99582330     2.11518570     0.00000000     0.00000000     0.00000000     0.00000000     0.00000000     0.00000000     0.00000000     0.00000000     0.00000000     0.00000000     0.01312667     0.00082868
      13      0.24387430     0.01497298    -1.16587647     1.95930301     0.00000000     0.00000000     0.00000000     0.00000000     0.00000000     0.00000000     0.00000000     0.00000000     0.00000000     0.00000000     0.01301385     0.00077258
      14      0.25005754     0.01512641    -0.74398988     1.86422086     0.00000000     0.00000000     0.00000000     0.00000000     0.00000000     0.00000000     0.00000000     0.00000000     0.00000000     0.00000000     0.01335143     0.00078771
      15      0.25105103     0.01415057    -0.21502000     1.81343447     0.00000000     0.00000000     0.00000000     0.00000000     0.00000000     0.00000000     0.00000000     0.00000000     0.00000000     0.00000000     0.01312533     0.00076695
      16      0.25403917     0.01357800     0.07029532     1.72239351     0.00000000     0.00000000     0.00000000     0.00000000     0.00000000     0.00000000     0.00000000     0.00000000     0.00000000     0.00000000     0.01331125     0.00074121
      17      0.25080230     0.01315946     0.02089981     1.62178438     0.00000000     0.00000000     0.00000000     0.00000000     0.00000000     0.00000000     0.00000000     0.00000000     0.00000000     0.00000000     0.01316353     0.00071218
      18      0.25002682     0.01245120     0.18664801     1.54013179     0.00000000     0.00000000     0.00000000     0.00000000     0.00000000     0.00000000     0.00000000     0.00000000     0.00000000     0.00000000     0.01301778     0.00068737
      19      0.24546183     0.01260496    -0.36066336     1.55327902     0.00000000     0.00000000     0.00000000     0.00000000     0.00000000     0.00000000     0.00000000     0.00000000     0.00000000     0.00000000     0.01292526     0.00065738
      20      0.23953186     0.01329662    -1.19305312     1.68394445     0.00000000     0.00000000     0.00000000     0.00000000     0.00000000     0.00000000     0.00000000     0.00000000     0.00000000     0.00000000     0.01280700     0.00063506
  
  ==========================================
  RSSE: Resummation-based SSE
  Lattice:    3 x    1
  beta =   10.000
  N =    2.000
   Mode: RSSE local updates (uncolored loops)
  ==========================================
  
  RSSE Results for SU(N) Heisenberg
  Cut-off M :           57
  Bins completed :           20
  =========================================
  -E/N        :      0.23953186     0.01329662
   C/N        :     -1.19305312     1.68394445
   <m**2>     :      0.00000000     0.00000000
   rhos_x     :      0.00000000     0.00000000
   rhos_y     :      0.00000000     0.00000000
   rhos_av    :      0.00000000     0.00000000
   X(0,0)     :      0.00000000     0.00000000
   <sign>     :      0.01280700     0.00063506
  =========================================
 # RSSE per-bin table
  cols: bin, -E/N,err, C/N,err, <m^2>,err, rhos_x,err, rhos_y,err, rhos_av,err, X(0,0),err
        <sign>_mean, <sign>_err
       1      0.15490956     0.00000000   -12.13384612     0.00000000     0.00000000     0.00000000     0.00000000     0.00000000     0.00000000     0.00000000     0.00000000     0.00000000     0.00000000     0.00000000     0.01032000     0.00000000
       2      0.20142862     0.03289394    -3.97531310     5.76895403     0.00000000     0.00000000     0.00000000     0.00000000     0.00000000     0.00000000     0.00000000     0.00000000     0.00000000     0.00000000     0.01255000     0.00157685
       3      0.18050300     0.02779955    -8.87311408     5.54831355     0.00000000     0.00000000     0.00000000     0.00000000     0.00000000     0.00000000     0.00000000     0.00000000     0.00000000     0.00000000     0.01164667     0.00128417
       4      0.20047796     0.02709165    -6.12399669     4.79417489     0.00000000     0.00000000     0.00000000     0.00000000     0.00000000     0.00000000     0.00000000     0.00000000     0.00000000     0.00000000     0.01250000     0.00121398
       5      0.20153481     0.02169393    -6.22843243     3.83647725     0.00000000     0.00000000     0.00000000     0.00000000     0.00000000     0.00000000     0.00000000     0.00000000     0.00000000     0.00000000     0.01182800     0.00114213
       6      0.21316790     0.02096659    -4.47003899     3.57740738     0.00000000     0.00000000     0.00000000     0.00000000     0.00000000     0.00000000     0.00000000     0.00000000     0.00000000     0.00000000     0.01202333     0.00096834
       7      0.21701180     0.01832033    -3.85048175     3.11953724     0.00000000     0.00000000     0.00000000     0.00000000     0.00000000     0.00000000     0.00000000     0.00000000     0.00000000     0.00000000     0.01195143     0.00083267
       8      0.22807699     0.01908151    -2.53115303     2.99561998     0.00000000     0.00000000     0.00000000     0.00000000     0.00000000     0.00000000     0.00000000     0.00000000     0.00000000     0.00000000     0.01233250     0.00081111
       9      0.23940509     0.02004381    -2.08702317     2.69549555     0.00000000     0.00000000     0.00000000     0.00000000     0.00000000     0.00000000     0.00000000     0.00000000     0.00000000     0.00000000     0.01319333     0.00108560
      10      0.24034817     0.01806160    -1.72492596     2.45014630     0.00000000     0.00000000     0.00000000     0.00000000     0.00000000     0.00000000     0.00000000     0.00000000     0.00000000     0.00000000     0.01304800     0.00098672
      11      0.24630582     0.01737445    -1.10417831     2.30469828     0.00000000     0.00000000     0.00000000     0.00000000     0.00000000     0.00000000     0.00000000     0.00000000     0.00000000     0.00000000     0.01316000     0.00090335
      12      0.24679436     0.01593345    -0.99582330     2.11518570     0.00000000     0.00000000     0.00000000     0.00000000     0.00000000     0.00000000     0.00000000     0.00000000     0.00000000     0.00000000     0.01312667     0.00082868
      13      0.24387430     0.01497298    -1.16587647     1.95930301     0.00000000     0.00000000     0.00000000     0.00000000     0.00000000     0.00000000     0.00000000     0.00000000     0.00000000     0.00000000     0.01301385     0.00077258
      14      0.25005754     0.01512641    -0.74398988     1.86422086     0.00000000     0.00000000     0.00000000     0.00000000     0.00000000     0.00000000     0.00000000     0.00000000     0.00000000     0.00000000     0.01335143     0.00078771
      15      0.25105103     0.01415057    -0.21502000     1.81343447     0.00000000     0.00000000     0.00000000     0.00000000     0.00000000     0.00000000     0.00000000     0.00000000     0.00000000     0.00000000     0.01312533     0.00076695
      16      0.25403917     0.01357800     0.07029532     1.72239351     0.00000000     0.00000000     0.00000000     0.00000000     0.00000000     0.00000000     0.00000000     0.00000000     0.00000000     0.00000000     0.01331125     0.00074121
      17      0.25080230     0.01315946     0.02089981     1.62178438     0.00000000     0.00000000     0.00000000     0.00000000     0.00000000     0.00000000     0.00000000     0.00000000     0.00000000     0.00000000     0.01316353     0.00071218
      18      0.25002682     0.01245120     0.18664801     1.54013179     0.00000000     0.00000000     0.00000000     0.00000000     0.00000000     0.00000000     0.00000000     0.00000000     0.00000000     0.00000000     0.01301778     0.00068737
      19      0.24546183     0.01260496    -0.36066336     1.55327902     0.00000000     0.00000000     0.00000000     0.00000000     0.00000000     0.00000000     0.00000000     0.00000000     0.00000000     0.00000000     0.01292526     0.00065738
      20      0.23953186     0.01329662    -1.19305312     1.68394445     0.00000000     0.00000000     0.00000000     0.00000000     0.00000000     0.00000000     0.00000000     0.00000000     0.00000000     0.00000000     0.01280700     0.00063506
  
  ==========================================
  RSSE: Resummation-based SSE
  Lattice:    3 x    1
  beta =   10.000
  N =    2.000
   Mode: RSSE local updates (uncolored loops)
  ==========================================
  
  RSSE Results for SU(N) Heisenberg
  Cut-off M :           57
  Bins completed :           20
  =========================================
  -E/N        :      0.23953186     0.01329662
   C/N        :     -1.19305312     1.68394445
   <m**2>     :      0.00000000     0.00000000
   rhos_x     :      0.00000000     0.00000000
   rhos_y     :      0.00000000     0.00000000
   rhos_av    :      0.00000000     0.00000000
   X(0,0)     :      0.00000000     0.00000000
   <sign>     :      0.01280700     0.00063506
  =========================================

 # RSSE per-bin table
  cols: bin, -E/N,err, C/N,err, <m^2>,err, rhos_x,err, rhos_y,err, rhos_av,err, X(0,0),err
        <sign>_mean, <sign>_err
       1      0.15490956     0.00000000   -12.13384612     0.00000000     0.00000000     0.00000000     0.00000000     0.00000000     0.00000000     0.00000000     0.00000000     0.00000000     0.00000000     0.00000000     0.01032000     0.00000000
       2      0.20142862     0.03289394    -3.97531310     5.76895403     0.00000000     0.00000000     0.00000000     0.00000000     0.00000000     0.00000000     0.00000000     0.00000000     0.00000000     0.00000000     0.01255000     0.00157685
       3      0.18050300     0.02779955    -8.87311408     5.54831355     0.00000000     0.00000000     0.00000000     0.00000000     0.00000000     0.00000000     0.00000000     0.00000000     0.00000000     0.00000000     0.01164667     0.00128417
       4      0.20047796     0.02709165    -6.12399669     4.79417489     0.00000000     0.00000000     0.00000000     0.00000000     0.00000000     0.00000000     0.00000000     0.00000000     0.00000000     0.00000000     0.01250000     0.00121398
       5      0.20153481     0.02169393    -6.22843243     3.83647725     0.00000000     0.00000000     0.00000000     0.00000000     0.00000000     0.00000000     0.00000000     0.00000000     0.00000000     0.00000000     0.01182800     0.00114213
       6      0.21316790     0.02096659    -4.47003899     3.57740738     0.00000000     0.00000000     0.00000000     0.00000000     0.00000000     0.00000000     0.00000000     0.00000000     0.00000000     0.00000000     0.01202333     0.00096834
       7      0.21701180     0.01832033    -3.85048175     3.11953724     0.00000000     0.00000000     0.00000000     0.00000000     0.00000000     0.00000000     0.00000000     0.00000000     0.00000000     0.00000000     0.01195143     0.00083267
       8      0.22807699     0.01908151    -2.53115303     2.99561998     0.00000000     0.00000000     0.00000000     0.00000000     0.00000000     0.00000000     0.00000000     0.00000000     0.00000000     0.00000000     0.01233250     0.00081111
       9      0.23940509     0.02004381    -2.08702317     2.69549555     0.00000000     0.00000000     0.00000000     0.00000000     0.00000000     0.00000000     0.00000000     0.00000000     0.00000000     0.00000000     0.01319333     0.00108560
      10      0.24034817     0.01806160    -1.72492596     2.45014630     0.00000000     0.00000000     0.00000000     0.00000000     0.00000000     0.00000000     0.00000000     0.00000000     0.00000000     0.00000000     0.01304800     0.00098672
      11      0.24630582     0.01737445    -1.10417831     2.30469828     0.00000000     0.00000000     0.00000000     0.00000000     0.00000000     0.00000000     0.00000000     0.00000000     0.00000000     0.00000000     0.01316000     0.00090335
      12      0.24679436     0.01593345    -0.99582330     2.11518570     0.00000000     0.00000000     0.00000000     0.00000000     0.00000000     0.00000000     0.00000000     0.00000000     0.00000000     0.00000000     0.01312667     0.00082868
      13      0.24387430     0.01497298    -1.16587647     1.95930301     0.00000000     0.00000000     0.00000000     0.00000000     0.00000000     0.00000000     0.00000000     0.00000000     0.00000000     0.00000000     0.01301385     0.00077258
      14      0.25005754     0.01512641    -0.74398988     1.86422086     0.00000000     0.00000000     0.00000000     0.00000000     0.00000000     0.00000000     0.00000000     0.00000000     0.00000000     0.00000000     0.01335143     0.00078771
      15      0.25105103     0.01415057    -0.21502000     1.81343447     0.00000000     0.00000000     0.00000000     0.00000000     0.00000000     0.00000000     0.00000000     0.00000000     0.00000000     0.00000000     0.01312533     0.00076695
      16      0.25403917     0.01357800     0.07029532     1.72239351     0.00000000     0.00000000     0.00000000     0.00000000     0.00000000     0.00000000     0.00000000     0.00000000     0.00000000     0.00000000     0.01331125     0.00074121
      17      0.25080230     0.01315946     0.02089981     1.62178438     0.00000000     0.00000000     0.00000000     0.00000000     0.00000000     0.00000000     0.00000000     0.00000000     0.00000000     0.00000000     0.01316353     0.00071218
      18      0.25002682     0.01245120     0.18664801     1.54013179     0.00000000     0.00000000     0.00000000     0.00000000     0.00000000     0.00000000     0.00000000     0.00000000     0.00000000     0.00000000     0.01301778     0.00068737
      19      0.24546183     0.01260496    -0.36066336     1.55327902     0.00000000     0.00000000     0.00000000     0.00000000     0.00000000     0.00000000     0.00000000     0.00000000     0.00000000     0.00000000     0.01292526     0.00065738
      20      0.23953186     0.01329662    -1.19305312     1.68394445     0.00000000     0.00000000     0.00000000     0.00000000     0.00000000     0.00000000     0.00000000     0.00000000     0.00000000     0.00000000     0.01280700     0.00063506
  
  ==========================================
  RSSE: Resummation-based SSE
  Lattice:    3 x    1
  beta =   10.000
  N =    2.000
   Mode: RSSE local updates (uncolored loops)
  ==========================================
  
  RSSE Results for SU(N) Heisenberg
  Cut-off M :           57
  Bins completed :           20
  =========================================
  -E/N        :      0.23953186     0.01329662
   C/N        :     -1.19305312     1.68394445
   <m**2>     :      0.00000000     0.00000000
   rhos_x     :      0.00000000     0.00000000
   rhos_y     :      0.00000000     0.00000000
   rhos_av    :      0.00000000     0.00000000
   X(0,0)     :      0.00000000     0.00000000
   <sign>     :      0.01280700     0.00063506
  =========================================
 # RSSE per-bin table
  cols: bin, -E/N,err, C/N,err, <m^2>,err, rhos_x,err, rhos_y,err, rhos_av,err, X(0,0),err
        <sign>_mean, <sign>_err
       1      0.15490956     0.00000000   -12.13384612     0.00000000     0.00000000     0.00000000     0.00000000     0.00000000     0.00000000     0.00000000     0.00000000     0.00000000     0.00000000     0.00000000     0.01032000     0.00000000
       2      0.20142862     0.03289394    -3.97531310     5.76895403     0.00000000     0.00000000     0.00000000     0.00000000     0.00000000     0.00000000     0.00000000     0.00000000     0.00000000     0.00000000     0.01255000     0.00157685
       3      0.18050300     0.02779955    -8.87311408     5.54831355     0.00000000     0.00000000     0.00000000     0.00000000     0.00000000     0.00000000     0.00000000     0.00000000     0.00000000     0.00000000     0.01164667     0.00128417
       4      0.20047796     0.02709165    -6.12399669     4.79417489     0.00000000     0.00000000     0.00000000     0.00000000     0.00000000     0.00000000     0.00000000     0.00000000     0.00000000     0.00000000     0.01250000     0.00121398
       5      0.20153481     0.02169393    -6.22843243     3.83647725     0.00000000     0.00000000     0.00000000     0.00000000     0.00000000     0.00000000     0.00000000     0.00000000     0.00000000     0.00000000     0.01182800     0.00114213
       6      0.21316790     0.02096659    -4.47003899     3.57740738     0.00000000     0.00000000     0.00000000     0.00000000     0.00000000     0.00000000     0.00000000     0.00000000     0.00000000     0.00000000     0.01202333     0.00096834
       7      0.21701180     0.01832033    -3.85048175     3.11953724     0.00000000     0.00000000     0.00000000     0.00000000     0.00000000     0.00000000     0.00000000     0.00000000     0.00000000     0.00000000     0.01195143     0.00083267
       8      0.22807699     0.01908151    -2.53115303     2.99561998     0.00000000     0.00000000     0.00000000     0.00000000     0.00000000     0.00000000     0.00000000     0.00000000     0.00000000     0.00000000     0.01233250     0.00081111
       9      0.23940509     0.02004381    -2.08702317     2.69549555     0.00000000     0.00000000     0.00000000     0.00000000     0.00000000     0.00000000     0.00000000     0.00000000     0.00000000     0.00000000     0.01319333     0.00108560
      10      0.24034817     0.01806160    -1.72492596     2.45014630     0.00000000     0.00000000     0.00000000     0.00000000     0.00000000     0.00000000     0.00000000     0.00000000     0.00000000     0.00000000     0.01304800     0.00098672
      11      0.24630582     0.01737445    -1.10417831     2.30469828     0.00000000     0.00000000     0.00000000     0.00000000     0.00000000     0.00000000     0.00000000     0.00000000     0.00000000     0.00000000     0.01316000     0.00090335
      12      0.24679436     0.01593345    -0.99582330     2.11518570     0.00000000     0.00000000     0.00000000     0.00000000     0.00000000     0.00000000     0.00000000     0.00000000     0.00000000     0.00000000     0.01312667     0.00082868
      13      0.24387430     0.01497298    -1.16587647     1.95930301     0.00000000     0.00000000     0.00000000     0.00000000     0.00000000     0.00000000     0.00000000     0.00000000     0.00000000     0.00000000     0.01301385     0.00077258
      14      0.25005754     0.01512641    -0.74398988     1.86422086     0.00000000     0.00000000     0.00000000     0.00000000     0.00000000     0.00000000     0.00000000     0.00000000     0.00000000     0.00000000     0.01335143     0.00078771
      15      0.25105103     0.01415057    -0.21502000     1.81343447     0.00000000     0.00000000     0.00000000     0.00000000     0.00000000     0.00000000     0.00000000     0.00000000     0.00000000     0.00000000     0.01312533     0.00076695
      16      0.25403917     0.01357800     0.07029532     1.72239351     0.00000000     0.00000000     0.00000000     0.00000000     0.00000000     0.00000000     0.00000000     0.00000000     0.00000000     0.00000000     0.01331125     0.00074121
      17      0.25080230     0.01315946     0.02089981     1.62178438     0.00000000     0.00000000     0.00000000     0.00000000     0.00000000     0.00000000     0.00000000     0.00000000     0.00000000     0.00000000     0.01316353     0.00071218
      18      0.25002682     0.01245120     0.18664801     1.54013179     0.00000000     0.00000000     0.00000000     0.00000000     0.00000000     0.00000000     0.00000000     0.00000000     0.00000000     0.00000000     0.01301778     0.00068737
      19      0.24546183     0.01260496    -0.36066336     1.55327902     0.00000000     0.00000000     0.00000000     0.00000000     0.00000000     0.00000000     0.00000000     0.00000000     0.00000000     0.00000000     0.01292526     0.00065738
      20      0.23953186     0.01329662    -1.19305312     1.68394445     0.00000000     0.00000000     0.00000000     0.00000000     0.00000000     0.00000000     0.00000000     0.00000000     0.00000000     0.00000000     0.01280700     0.00063506
  
  ==========================================
  RSSE: Resummation-based SSE
  Lattice:    3 x    1
  beta =   10.000
  N =    2.000
   Mode: RSSE local updates (uncolored loops)
  ==========================================
  
  RSSE Results for SU(N) Heisenberg
  Cut-off M :           57
  Bins completed :           20
  =========================================
  -E/N        :      0.23953186     0.01329662
   C/N        :     -1.19305312     1.68394445
   <m**2>     :      0.00000000     0.00000000
   rhos_x     :      0.00000000     0.00000000
   rhos_y     :      0.00000000     0.00000000
   rhos_av    :      0.00000000     0.00000000
   X(0,0)     :      0.00000000     0.00000000
   <sign>     :      0.01280700     0.00063506
  =========================================
 # RSSE per-bin table
  cols: bin, -E/N,err, C/N,err, <m^2>,err, rhos_x,err, rhos_y,err, rhos_av,err, X(0,0),err
        <sign>_mean, <sign>_err
       1      0.15490956     0.00000000   -12.13384612     0.00000000     0.00000000     0.00000000     0.00000000     0.00000000     0.00000000     0.00000000     0.00000000     0.00000000     0.00000000     0.00000000     0.01032000     0.00000000
       2      0.20142862     0.03289394    -3.97531310     5.76895403     0.00000000     0.00000000     0.00000000     0.00000000     0.00000000     0.00000000     0.00000000     0.00000000     0.00000000     0.00000000     0.01255000     0.00157685
       3      0.18050300     0.02779955    -8.87311408     5.54831355     0.00000000     0.00000000     0.00000000     0.00000000     0.00000000     0.00000000     0.00000000     0.00000000     0.00000000     0.00000000     0.01164667     0.00128417
       4      0.20047796     0.02709165    -6.12399669     4.79417489     0.00000000     0.00000000     0.00000000     0.00000000     0.00000000     0.00000000     0.00000000     0.00000000     0.00000000     0.00000000     0.01250000     0.00121398
       5      0.20153481     0.02169393    -6.22843243     3.83647725     0.00000000     0.00000000     0.00000000     0.00000000     0.00000000     0.00000000     0.00000000     0.00000000     0.00000000     0.00000000     0.01182800     0.00114213
       6      0.21316790     0.02096659    -4.47003899     3.57740738     0.00000000     0.00000000     0.00000000     0.00000000     0.00000000     0.00000000     0.00000000     0.00000000     0.00000000     0.00000000     0.01202333     0.00096834
       7      0.21701180     0.01832033    -3.85048175     3.11953724     0.00000000     0.00000000     0.00000000     0.00000000     0.00000000     0.00000000     0.00000000     0.00000000     0.00000000     0.00000000     0.01195143     0.00083267
       8      0.22807699     0.01908151    -2.53115303     2.99561998     0.00000000     0.00000000     0.00000000     0.00000000     0.00000000     0.00000000     0.00000000     0.00000000     0.00000000     0.00000000     0.01233250     0.00081111
       9      0.23940509     0.02004381    -2.08702317     2.69549555     0.00000000     0.00000000     0.00000000     0.00000000     0.00000000     0.00000000     0.00000000     0.00000000     0.00000000     0.00000000     0.01319333     0.00108560
      10      0.24034817     0.01806160    -1.72492596     2.45014630     0.00000000     0.00000000     0.00000000     0.00000000     0.00000000     0.00000000     0.00000000     0.00000000     0.00000000     0.00000000     0.01304800     0.00098672
      11      0.24630582     0.01737445    -1.10417831     2.30469828     0.00000000     0.00000000     0.00000000     0.00000000     0.00000000     0.00000000     0.00000000     0.00000000     0.00000000     0.00000000     0.01316000     0.00090335
      12      0.24679436     0.01593345    -0.99582330     2.11518570     0.00000000     0.00000000     0.00000000     0.00000000     0.00000000     0.00000000     0.00000000     0.00000000     0.00000000     0.00000000     0.01312667     0.00082868
      13      0.24387430     0.01497298    -1.16587647     1.95930301     0.00000000     0.00000000     0.00000000     0.00000000     0.00000000     0.00000000     0.00000000     0.00000000     0.00000000     0.00000000     0.01301385     0.00077258
      14      0.25005754     0.01512641    -0.74398988     1.86422086     0.00000000     0.00000000     0.00000000     0.00000000     0.00000000     0.00000000     0.00000000     0.00000000     0.00000000     0.00000000     0.01335143     0.00078771
      15      0.25105103     0.01415057    -0.21502000     1.81343447     0.00000000     0.00000000     0.00000000     0.00000000     0.00000000     0.00000000     0.00000000     0.00000000     0.00000000     0.00000000     0.01312533     0.00076695
      16      0.25403917     0.01357800     0.07029532     1.72239351     0.00000000     0.00000000     0.00000000     0.00000000     0.00000000     0.00000000     0.00000000     0.00000000     0.00000000     0.00000000     0.01331125     0.00074121
      17      0.25080230     0.01315946     0.02089981     1.62178438     0.00000000     0.00000000     0.00000000     0.00000000     0.00000000     0.00000000     0.00000000     0.00000000     0.00000000     0.00000000     0.01316353     0.00071218
      18      0.25002682     0.01245120     0.18664801     1.54013179     0.00000000     0.00000000     0.00000000     0.00000000     0.00000000     0.00000000     0.00000000     0.00000000     0.00000000     0.00000000     0.01301778     0.00068737
      19      0.24546183     0.01260496    -0.36066336     1.55327902     0.00000000     0.00000000     0.00000000     0.00000000     0.00000000     0.00000000     0.00000000     0.00000000     0.00000000     0.00000000     0.01292526     0.00065738
      20      0.23953186     0.01329662    -1.19305312     1.68394445     0.00000000     0.00000000     0.00000000     0.00000000     0.00000000     0.00000000     0.00000000     0.00000000     0.00000000     0.00000000     0.01280700     0.00063506
  
  ==========================================
  RSSE: Resummation-based SSE
  Lattice:    3 x    1
  beta =   10.000
  N =    2.000
   Mode: RSSE local updates (uncolored loops)
  ==========================================
  
  RSSE Results for SU(N) Heisenberg
  Cut-off M :           57
  Bins completed :           20
  =========================================
  -E/N        :      0.23953186     0.01329662
   C/N        :     -1.19305312     1.68394445
   <m**2>     :      0.00000000     0.00000000
   rhos_x     :      0.00000000     0.00000000
   rhos_y     :      0.00000000     0.00000000
   rhos_av    :      0.00000000     0.00000000
   X(0,0)     :      0.00000000     0.00000000
   <sign>     :      0.01280700     0.00063506
  =========================================
 # RSSE per-bin table
  cols: bin, -E/N,err, C/N,err, <m^2>,err, rhos_x,err, rhos_y,err, rhos_av,err, X(0,0),err
        <sign>_mean, <sign>_err
       1      0.15490956     0.00000000   -12.13384612     0.00000000     0.00000000     0.00000000     0.00000000     0.00000000     0.00000000     0.00000000     0.00000000     0.00000000     0.00000000     0.00000000     0.01032000     0.00000000
       2      0.20142862     0.03289394    -3.97531310     5.76895403     0.00000000     0.00000000     0.00000000     0.00000000     0.00000000     0.00000000     0.00000000     0.00000000     0.00000000     0.00000000     0.01255000     0.00157685
       3      0.18050300     0.02779955    -8.87311408     5.54831355     0.00000000     0.00000000     0.00000000     0.00000000     0.00000000     0.00000000     0.00000000     0.00000000     0.00000000     0.00000000     0.01164667     0.00128417
       4      0.20047796     0.02709165    -6.12399669     4.79417489     0.00000000     0.00000000     0.00000000     0.00000000     0.00000000     0.00000000     0.00000000     0.00000000     0.00000000     0.00000000     0.01250000     0.00121398
       5      0.20153481     0.02169393    -6.22843243     3.83647725     0.00000000     0.00000000     0.00000000     0.00000000     0.00000000     0.00000000     0.00000000     0.00000000     0.00000000     0.00000000     0.01182800     0.00114213
       6      0.21316790     0.02096659    -4.47003899     3.57740738     0.00000000     0.00000000     0.00000000     0.00000000     0.00000000     0.00000000     0.00000000     0.00000000     0.00000000     0.00000000     0.01202333     0.00096834
       7      0.21701180     0.01832033    -3.85048175     3.11953724     0.00000000     0.00000000     0.00000000     0.00000000     0.00000000     0.00000000     0.00000000     0.00000000     0.00000000     0.00000000     0.01195143     0.00083267
       8      0.22807699     0.01908151    -2.53115303     2.99561998     0.00000000     0.00000000     0.00000000     0.00000000     0.00000000     0.00000000     0.00000000     0.00000000     0.00000000     0.00000000     0.01233250     0.00081111
       9      0.23940509     0.02004381    -2.08702317     2.69549555     0.00000000     0.00000000     0.00000000     0.00000000     0.00000000     0.00000000     0.00000000     0.00000000     0.00000000     0.00000000     0.01319333     0.00108560
      10      0.24034817     0.01806160    -1.72492596     2.45014630     0.00000000     0.00000000     0.00000000     0.00000000     0.00000000     0.00000000     0.00000000     0.00000000     0.00000000     0.00000000     0.01304800     0.00098672
      11      0.24630582     0.01737445    -1.10417831     2.30469828     0.00000000     0.00000000     0.00000000     0.00000000     0.00000000     0.00000000     0.00000000     0.00000000     0.00000000     0.00000000     0.01316000     0.00090335
      12      0.24679436     0.01593345    -0.99582330     2.11518570     0.00000000     0.00000000     0.00000000     0.00000000     0.00000000     0.00000000     0.00000000     0.00000000     0.00000000     0.00000000     0.01312667     0.00082868
      13      0.24387430     0.01497298    -1.16587647     1.95930301     0.00000000     0.00000000     0.00000000     0.00000000     0.00000000     0.00000000     0.00000000     0.00000000     0.00000000     0.00000000     0.01301385     0.00077258
      14      0.25005754     0.01512641    -0.74398988     1.86422086     0.00000000     0.00000000     0.00000000     0.00000000     0.00000000     0.00000000     0.00000000     0.00000000     0.00000000     0.00000000     0.01335143     0.00078771
      15      0.25105103     0.01415057    -0.21502000     1.81343447     0.00000000     0.00000000     0.00000000     0.00000000     0.00000000     0.00000000     0.00000000     0.00000000     0.00000000     0.00000000     0.01312533     0.00076695
      16      0.25403917     0.01357800     0.07029532     1.72239351     0.00000000     0.00000000     0.00000000     0.00000000     0.00000000     0.00000000     0.00000000     0.00000000     0.00000000     0.00000000     0.01331125     0.00074121
      17      0.25080230     0.01315946     0.02089981     1.62178438     0.00000000     0.00000000     0.00000000     0.00000000     0.00000000     0.00000000     0.00000000     0.00000000     0.00000000     0.00000000     0.01316353     0.00071218
      18      0.25002682     0.01245120     0.18664801     1.54013179     0.00000000     0.00000000     0.00000000     0.00000000     0.00000000     0.00000000     0.00000000     0.00000000     0.00000000     0.00000000     0.01301778     0.00068737
      19      0.24546183     0.01260496    -0.36066336     1.55327902     0.00000000     0.00000000     0.00000000     0.00000000     0.00000000     0.00000000     0.00000000     0.00000000     0.00000000     0.00000000     0.01292526     0.00065738
      20      0.23953186     0.01329662    -1.19305312     1.68394445     0.00000000     0.00000000     0.00000000     0.00000000     0.00000000     0.00000000     0.00000000     0.00000000     0.00000000     0.00000000     0.01280700     0.00063506
  
  ==========================================
  RSSE: Resummation-based SSE
  Lattice:    3 x    1
  beta =   10.000
  N =    2.000
   Mode: RSSE local updates (uncolored loops)
  ==========================================
  
  RSSE Results for SU(N) Heisenberg
  Cut-off M :           57
  Bins completed :           20
  =========================================
  -E/N        :      0.23953186     0.01329662
   C/N        :     -1.19305312     1.68394445
   <m**2>     :      0.00000000     0.00000000
   rhos_x     :      0.00000000     0.00000000
   rhos_y     :      0.00000000     0.00000000
   rhos_av    :      0.00000000     0.00000000
   X(0,0)     :      0.00000000     0.00000000
   <sign>     :      0.01280700     0.00063506
  =========================================
 # RSSE per-bin table
  cols: bin, -E/N,err, C/N,err, <m^2>,err, rhos_x,err, rhos_y,err, rhos_av,err, X(0,0),err
        <sign>_mean, <sign>_err
       1      0.79059829     0.00000000    13.06331726     0.00000000     0.00000000     0.00000000     0.00000000     0.00000000     0.00000000     0.00000000     0.00000000     0.00000000     0.00000000     0.00000000    -0.00234000     0.00000000
       2      0.57626216     0.15155853    -6.81596671    14.05677650     0.00000000     0.00000000     0.00000000     0.00000000     0.00000000     0.00000000     0.00000000     0.00000000     0.00000000     0.00000000    -0.00019000     0.00152028
       3      0.84831168     0.24402769   -11.27107956    10.05241842     0.00000000     0.00000000     0.00000000     0.00000000     0.00000000     0.00000000     0.00000000     0.00000000     0.00000000     0.00000000     0.00057333     0.00118982
       4      0.94051386     0.19968108    -9.17996259     7.75376234     0.00000000     0.00000000     0.00000000     0.00000000     0.00000000     0.00000000     0.00000000     0.00000000     0.00000000     0.00000000     0.00124500     0.00106521
       5      0.78053608     0.21445916    -1.61607655     9.17862893     0.00000000     0.00000000     0.00000000     0.00000000     0.00000000     0.00000000     0.00000000     0.00000000     0.00000000     0.00000000     0.00110400     0.00086145
       6      0.72426763     0.18595119    -3.51617059     7.84306390     0.00000000     0.00000000     0.00000000     0.00000000     0.00000000     0.00000000     0.00000000     0.00000000     0.00000000     0.00000000     0.00116000     0.00071969
       7      0.73226005     0.15955840    -2.92173390     6.74511517     0.00000000     0.00000000     0.00000000     0.00000000     0.00000000     0.00000000     0.00000000     0.00000000     0.00000000     0.00000000     0.00052000     0.00085535
       8      0.74210104     0.13991675    -1.99630360     5.96512252     0.00000000     0.00000000     0.00000000     0.00000000     0.00000000     0.00000000     0.00000000     0.00000000     0.00000000     0.00000000     0.00037750     0.00076021
       9      0.73807901     0.12442824    -3.37551146     5.45944801     0.00000000     0.00000000     0.00000000     0.00000000     0.00000000     0.00000000     0.00000000     0.00000000     0.00000000     0.00000000     0.00043556     0.00067795
      10      0.74374084     0.11211416    -3.14750178     4.91826223     0.00000000     0.00000000     0.00000000     0.00000000     0.00000000     0.00000000     0.00000000     0.00000000     0.00000000     0.00000000     0.00096600     0.00079090
      11      0.79377681     0.11253482    -3.33597249     4.47475718     0.00000000     0.00000000     0.00000000     0.00000000     0.00000000     0.00000000     0.00000000     0.00000000     0.00000000     0.00000000     0.00070182     0.00076185
      12      0.81091340     0.10445353    -2.72381578     4.14352138     0.00000000     0.00000000     0.00000000     0.00000000     0.00000000     0.00000000     0.00000000     0.00000000     0.00000000     0.00000000     0.00082167     0.00070773
      13      0.82529219     0.09740329    -2.49109164     3.83131896     0.00000000     0.00000000     0.00000000     0.00000000     0.00000000     0.00000000     0.00000000     0.00000000     0.00000000     0.00000000     0.00110308     0.00070702
      14      0.82357402     0.09046106    -2.53231241     3.55787506     0.00000000     0.00000000     0.00000000     0.00000000     0.00000000     0.00000000     0.00000000     0.00000000     0.00000000     0.00000000     0.00124429     0.00067047
      15      0.81941543     0.08452586    -2.34514747     3.32560273     0.00000000     0.00000000     0.00000000     0.00000000     0.00000000     0.00000000     0.00000000     0.00000000     0.00000000     0.00000000     0.00142000     0.00064839
      16      0.88701707     0.10278040    -9.09712176     7.24294246     0.00000000     0.00000000     0.00000000     0.00000000     0.00000000     0.00000000     0.00000000     0.00000000     0.00000000     0.00000000     0.00135375     0.00061124
      17      0.89159122     0.09683622    -9.23559824     6.81821065     0.00000000     0.00000000     0.00000000     0.00000000     0.00000000     0.00000000     0.00000000     0.00000000     0.00000000     0.00000000     0.00134353     0.00057537
      18      0.90376472     0.09221844    -8.89625094     6.44786042     0.00000000     0.00000000     0.00000000     0.00000000     0.00000000     0.00000000     0.00000000     0.00000000     0.00000000     0.00000000     0.00138556     0.00054494
      19      0.88801083     0.08870027    -9.30921206     6.12170936     0.00000000     0.00000000     0.00000000     0.00000000     0.00000000     0.00000000     0.00000000     0.00000000     0.00000000     0.00000000     0.00139263     0.00051631
      20      0.89108518     0.08431851    -8.29616521     5.89885006     0.00000000     0.00000000     0.00000000     0.00000000     0.00000000     0.00000000     0.00000000     0.00000000     0.00000000     0.00000000     0.00137900     0.00049067
  
  ==========================================
  RSSE: Resummation-based SSE
  Lattice:    4 x   -4
  beta =    2.000
  N =    2.000
   Mode: RSSE local updates (uncolored loops)
  ==========================================
  
  RSSE Results for SU(N) Heisenberg
  Cut-off M :          116
  Bins completed :           20
  =========================================
  -E/N        :      0.89108518     0.08431851
   C/N        :     -8.29616521     5.89885006
   <m**2>     :      0.00000000     0.00000000
   rhos_x     :      0.00000000     0.00000000
   rhos_y     :      0.00000000     0.00000000
   rhos_av    :      0.00000000     0.00000000
   X(0,0)     :      0.00000000     0.00000000
   <sign>     :      0.00137900     0.00049067
  =========================================
 # RSSE per-bin table
  cols: bin, -E/N,err, C/N,err, <m^2>,err, rhos_x,err, rhos_y,err, rhos_av,err, X(0,0),err
        <sign>_mean, <sign>_err
       1      0.79059829     0.00000000    13.06331726     0.00000000     0.00000000     0.00000000     0.00000000     0.00000000     0.00000000     0.00000000     0.00000000     0.00000000     0.00000000     0.00000000    -0.00234000     0.00000000
       2      0.57626216     0.15155853    -6.81596671    14.05677650     0.00000000     0.00000000     0.00000000     0.00000000     0.00000000     0.00000000     0.00000000     0.00000000     0.17570153     0.12423974    -0.00019000     0.00152028
       3      0.84831168     0.24402769   -11.27107956    10.05241842     0.00000000     0.00000000     0.00000000     0.00000000     0.00000000     0.00000000     0.00000000     0.00000000     0.16376134     0.08339828     0.00057333     0.00118982
       4      0.94051386     0.19968108    -9.17996259     7.75376234     0.00000000     0.00000000     0.00000000     0.00000000     0.00000000     0.00000000     0.00000000     0.00000000     0.12962698     0.06918242     0.00124500     0.00106521
       5      0.78053608     0.21445916    -1.61607655     9.17862893     0.00000000     0.00000000     0.00000000     0.00000000     0.00000000     0.00000000     0.00000000     0.00000000     0.11249788     0.05742732     0.00110400     0.00086145
       6      0.72426763     0.18595119    -3.51617059     7.84306390     0.00000000     0.00000000     0.00000000     0.00000000     0.00000000     0.00000000     0.00000000     0.00000000     0.11588365     0.04795581     0.00116000     0.00071969
       7      0.73226005     0.15955840    -2.92173390     6.74511517     0.00000000     0.00000000     0.00000000     0.00000000     0.00000000     0.00000000     0.00000000     0.00000000     0.11024752     0.04143485     0.00052000     0.00085535
       8      0.74210104     0.13991675    -1.99630360     5.96512252     0.00000000     0.00000000     0.00000000     0.00000000     0.00000000     0.00000000     0.00000000     0.00000000     0.13704118     0.04407520     0.00037750     0.00076021
       9      0.73807901     0.12442824    -3.37551146     5.45944801     0.00000000     0.00000000     0.00000000     0.00000000     0.00000000     0.00000000     0.00000000     0.00000000     0.14033290     0.03930069     0.00043556     0.00067795
      10      0.74374084     0.11211416    -3.14750178     4.91826223     0.00000000     0.00000000     0.00000000     0.00000000     0.00000000     0.00000000     0.00000000     0.00000000     0.13585971     0.03562428     0.00096600     0.00079090
      11      0.79377681     0.11253482    -3.33597249     4.47475718     0.00000000     0.00000000     0.00000000     0.00000000     0.00000000     0.00000000     0.00000000     0.00000000     0.14881342     0.03466090     0.00070182     0.00076185
      12      0.81091340     0.10445353    -2.72381578     4.14352138     0.00000000     0.00000000     0.00000000     0.00000000     0.00000000     0.00000000     0.00000000     0.00000000     0.14308092     0.03224305     0.00082167     0.00070773
      13      0.82529219     0.09740329    -2.49109164     3.83131896     0.00000000     0.00000000     0.00000000     0.00000000     0.00000000     0.00000000     0.00000000     0.00000000     0.14473781     0.02980536     0.00110308     0.00070702
      14      0.82357402     0.09046106    -2.53231241     3.55787506     0.00000000     0.00000000     0.00000000     0.00000000     0.00000000     0.00000000     0.00000000     0.00000000     0.12376048     0.03427243     0.00124429     0.00067047
      15      0.81941543     0.08452586    -2.34514747     3.32560273     0.00000000     0.00000000     0.00000000     0.00000000     0.00000000     0.00000000     0.00000000     0.00000000     0.12719363     0.03215910     0.00142000     0.00064839
      16      0.88701707     0.10278040    -9.09712176     7.24294246     0.00000000     0.00000000     0.00000000     0.00000000     0.00000000     0.00000000     0.00000000     0.00000000     0.17002528     0.05127243     0.00135375     0.00061124
      17      0.89159122     0.09683622    -9.23559824     6.81821065     0.00000000     0.00000000     0.00000000     0.00000000     0.00000000     0.00000000     0.00000000     0.00000000     0.16301482     0.04873332     0.00134353     0.00057537
      18      0.90376472     0.09221844    -8.89625094     6.44786042     0.00000000     0.00000000     0.00000000     0.00000000     0.00000000     0.00000000     0.00000000     0.00000000     0.15716611     0.04637555     0.00138556     0.00054494
      19      0.88801083     0.08870027    -9.30921206     6.12170936     0.00000000     0.00000000     0.00000000     0.00000000     0.00000000     0.00000000     0.00000000     0.00000000     0.15313590     0.04410950     0.00139263     0.00051631
      20      0.89108518     0.08431851    -8.29616521     5.89885006     0.00000000     0.00000000     0.00000000     0.00000000     0.00000000     0.00000000     0.00000000     0.00000000     0.16718670     0.04408516     0.00137900     0.00049067
  
  ==========================================
  RSSE: Resummation-based SSE
  Lattice:    4 x   -4
  beta =    2.000
  N =    2.000
   Mode: RSSE local updates (uncolored loops)
  ==========================================
  
  RSSE Results for SU(N) Heisenberg
  Cut-off M :          116
  Bins completed :           20
  =========================================
  -E/N        :      0.89108518     0.08431851
   C/N        :     -8.29616521     5.89885006
   <m**2>     :      0.00000000     0.00000000
   rhos_x     :      0.00000000     0.00000000
   rhos_y     :      0.00000000     0.00000000
   rhos_av    :      0.00000000     0.00000000
   X(0,0)     :      0.16718670     0.04408516
   <sign>     :      0.00137900     0.00049067
  =========================================
 # RSSE per-bin table
  cols: bin, -E/N,err, C/N,err, <m^2>,err, rhos_x,err, rhos_y,err, rhos_av,err, X(0,0),err
        <sign>_mean, <sign>_err
       1      0.79059829     0.00000000    13.06331726     0.00000000     0.00000000     0.00000000     0.00000000     0.00000000     0.00000000     0.00000000     0.00000000     0.00000000     0.00000000     0.00000000    -0.00234000     0.00000000
       2      0.57626216     0.15155853    -6.81596671    14.05677650     0.00000000     0.00000000     0.00000000     0.00000000     0.00000000     0.00000000     0.00000000     0.00000000     0.00000000     0.00000000    -0.00019000     0.00152028
       3      0.84831168     0.24402769   -11.27107956    10.05241842     0.00000000     0.00000000     0.00000000     0.00000000     0.00000000     0.00000000     0.00000000     0.00000000     0.00000000     0.00000000     0.00057333     0.00118982
       4      0.94051386     0.19968108    -9.17996259     7.75376234     0.00000000     0.00000000     0.00000000     0.00000000     0.00000000     0.00000000     0.00000000     0.00000000     0.00000000     0.00000000     0.00124500     0.00106521
       5      0.78053608     0.21445916    -1.61607655     9.17862893     0.00000000     0.00000000     0.00000000     0.00000000     0.00000000     0.00000000     0.00000000     0.00000000     0.00000000     0.00000000     0.00110400     0.00086145
       6      0.72426763     0.18595119    -3.51617059     7.84306390     0.00000000     0.00000000     0.00000000     0.00000000     0.00000000     0.00000000     0.00000000     0.00000000     0.00000000     0.00000000     0.00116000     0.00071969
       7      0.73226005     0.15955840    -2.92173390     6.74511517     0.00000000     0.00000000     0.00000000     0.00000000     0.00000000     0.00000000     0.00000000     0.00000000     0.00000000     0.00000000     0.00052000     0.00085535
       8      0.74210104     0.13991675    -1.99630360     5.96512252     0.00000000     0.00000000     0.00000000     0.00000000     0.00000000     0.00000000     0.00000000     0.00000000     0.00000000     0.00000000     0.00037750     0.00076021
       9      0.73807901     0.12442824    -3.37551146     5.45944801     0.00000000     0.00000000     0.00000000     0.00000000     0.00000000     0.00000000     0.00000000     0.00000000     0.00000000     0.00000000     0.00043556     0.00067795
      10      0.74374084     0.11211416    -3.14750178     4.91826223     0.00000000     0.00000000     0.00000000     0.00000000     0.00000000     0.00000000     0.00000000     0.00000000     0.00000000     0.00000000     0.00096600     0.00079090
      11      0.79377681     0.11253482    -3.33597249     4.47475718     0.00000000     0.00000000     0.00000000     0.00000000     0.00000000     0.00000000     0.00000000     0.00000000     0.00000000     0.00000000     0.00070182     0.00076185
      12      0.81091340     0.10445353    -2.72381578     4.14352138     0.00000000     0.00000000     0.00000000     0.00000000     0.00000000     0.00000000     0.00000000     0.00000000     0.00000000     0.00000000     0.00082167     0.00070773
      13      0.82529219     0.09740329    -2.49109164     3.83131896     0.00000000     0.00000000     0.00000000     0.00000000     0.00000000     0.00000000     0.00000000     0.00000000     0.00000000     0.00000000     0.00110308     0.00070702
      14      0.82357402     0.09046106    -2.53231241     3.55787506     0.00000000     0.00000000     0.00000000     0.00000000     0.00000000     0.00000000     0.00000000     0.00000000     0.00000000     0.00000000     0.00124429     0.00067047
      15      0.81941543     0.08452586    -2.34514747     3.32560273     0.00000000     0.00000000     0.00000000     0.00000000     0.00000000     0.00000000     0.00000000     0.00000000     0.00000000     0.00000000     0.00142000     0.00064839
      16      0.88701707     0.10278040    -9.09712176     7.24294246     0.00000000     0.00000000     0.00000000     0.00000000     0.00000000     0.00000000     0.00000000     0.00000000     0.00000000     0.00000000     0.00135375     0.00061124
      17      0.89159122     0.09683622    -9.23559824     6.81821065     0.00000000     0.00000000     0.00000000     0.00000000     0.00000000     0.00000000     0.00000000     0.00000000     0.00000000     0.00000000     0.00134353     0.00057537
      18      0.90376472     0.09221844    -8.89625094     6.44786042     0.00000000     0.00000000     0.00000000     0.00000000     0.00000000     0.00000000     0.00000000     0.00000000     0.00000000     0.00000000     0.00138556     0.00054494
      19      0.88801083     0.08870027    -9.30921206     6.12170936     0.00000000     0.00000000     0.00000000     0.00000000     0.00000000     0.00000000     0.00000000     0.00000000     0.00000000     0.00000000     0.00139263     0.00051631
      20      0.89108518     0.08431851    -8.29616521     5.89885006     0.00000000     0.00000000     0.00000000     0.00000000     0.00000000     0.00000000     0.00000000     0.00000000     0.00000000     0.00000000     0.00137900     0.00049067
  
  ==========================================
  RSSE: Resummation-based SSE
  Lattice:    4 x   -4
  beta =    2.000
  N =    2.000
   Mode: RSSE local updates (uncolored loops)
  ==========================================
  
  RSSE Results for SU(N) Heisenberg
  Cut-off M :          116
  Bins completed :           20
  =========================================
  -E/N        :      0.89108518     0.08431851
   C/N        :     -8.29616521     5.89885006
   <m**2>     :      0.00000000     0.00000000
   rhos_x     :      0.00000000     0.00000000
   rhos_y     :      0.00000000     0.00000000
   rhos_av    :      0.00000000     0.00000000
   X(0,0)     :      0.00000000     0.00000000
   <sign>     :      0.00137900     0.00049067
  =========================================
 # RSSE per-bin table
  cols: bin, -E/N,err, C/N,err, <m^2>,err, rhos_x,err, rhos_y,err, rhos_av,err, X(0,0),err
        <sign>_mean, <sign>_err
       1      0.79059829     0.00000000    13.06331726     0.00000000     0.00000000     0.00000000     0.00000000     0.00000000     0.00000000     0.00000000     0.00000000     0.00000000     0.00000000     0.00000000    -0.00234000     0.00000000
       2      0.57626216     0.15155853    -6.81596671    14.05677650     0.00000000     0.00000000     0.00000000     0.00000000     0.00000000     0.00000000     0.00000000     0.00000000     0.00000000     0.00000000    -0.00019000     0.00152028
       3      0.84831168     0.24402769   -11.27107956    10.05241842     0.00000000     0.00000000     0.00000000     0.00000000     0.00000000     0.00000000     0.00000000     0.00000000     0.00000000     0.00000000     0.00057333     0.00118982
       4      0.94051386     0.19968108    -9.17996259     7.75376234     0.00000000     0.00000000     0.00000000     0.00000000     0.00000000     0.00000000     0.00000000     0.00000000     0.00000000     0.00000000     0.00124500     0.00106521
       5      0.78053608     0.21445916    -1.61607655     9.17862893     0.00000000     0.00000000     0.00000000     0.00000000     0.00000000     0.00000000     0.00000000     0.00000000     0.00000000     0.00000000     0.00110400     0.00086145
       6      0.72426763     0.18595119    -3.51617059     7.84306390     0.00000000     0.00000000     0.00000000     0.00000000     0.00000000     0.00000000     0.00000000     0.00000000     0.00000000     0.00000000     0.00116000     0.00071969
       7      0.73226005     0.15955840    -2.92173390     6.74511517     0.00000000     0.00000000     0.00000000     0.00000000     0.00000000     0.00000000     0.00000000     0.00000000     0.00000000     0.00000000     0.00052000     0.00085535
       8      0.74210104     0.13991675    -1.99630360     5.96512252     0.00000000     0.00000000     0.00000000     0.00000000     0.00000000     0.00000000     0.00000000     0.00000000     0.00000000     0.00000000     0.00037750     0.00076021
       9      0.73807901     0.12442824    -3.37551146     5.45944801     0.00000000     0.00000000     0.00000000     0.00000000     0.00000000     0.00000000     0.00000000     0.00000000     0.00000000     0.00000000     0.00043556     0.00067795
      10      0.74374084     0.11211416    -3.14750178     4.91826223     0.00000000     0.00000000     0.00000000     0.00000000     0.00000000     0.00000000     0.00000000     0.00000000     0.00000000     0.00000000     0.00096600     0.00079090
      11      0.79377681     0.11253482    -3.33597249     4.47475718     0.00000000     0.00000000     0.00000000     0.00000000     0.00000000     0.00000000     0.00000000     0.00000000     0.00000000     0.00000000     0.00070182     0.00076185
      12      0.81091340     0.10445353    -2.72381578     4.14352138     0.00000000     0.00000000     0.00000000     0.00000000     0.00000000     0.00000000     0.00000000     0.00000000     0.00000000     0.00000000     0.00082167     0.00070773
      13      0.82529219     0.09740329    -2.49109164     3.83131896     0.00000000     0.00000000     0.00000000     0.00000000     0.00000000     0.00000000     0.00000000     0.00000000     0.00000000     0.00000000     0.00110308     0.00070702
      14      0.82357402     0.09046106    -2.53231241     3.55787506     0.00000000     0.00000000     0.00000000     0.00000000     0.00000000     0.00000000     0.00000000     0.00000000     0.00000000     0.00000000     0.00124429     0.00067047
      15      0.81941543     0.08452586    -2.34514747     3.32560273     0.00000000     0.00000000     0.00000000     0.00000000     0.00000000     0.00000000     0.00000000     0.00000000     0.00000000     0.00000000     0.00142000     0.00064839
      16      0.88701707     0.10278040    -9.09712176     7.24294246     0.00000000     0.00000000     0.00000000     0.00000000     0.00000000     0.00000000     0.00000000     0.00000000     0.00000000     0.00000000     0.00135375     0.00061124
      17      0.89159122     0.09683622    -9.23559824     6.81821065     0.00000000     0.00000000     0.00000000     0.00000000     0.00000000     0.00000000     0.00000000     0.00000000     0.00000000     0.00000000     0.00134353     0.00057537
      18      0.90376472     0.09221844    -8.89625094     6.44786042     0.00000000     0.00000000     0.00000000     0.00000000     0.00000000     0.00000000     0.00000000     0.00000000     0.00000000     0.00000000     0.00138556     0.00054494
      19      0.88801083     0.08870027    -9.30921206     6.12170936     0.00000000     0.00000000     0.00000000     0.00000000     0.00000000     0.00000000     0.00000000     0.00000000     0.00000000     0.00000000     0.00139263     0.00051631
      20      0.89108518     0.08431851    -8.29616521     5.89885006     0.00000000     0.00000000     0.00000000     0.00000000     0.00000000     0.00000000     0.00000000     0.00000000     0.00000000     0.00000000     0.00137900     0.00049067
  
  ==========================================
  RSSE: Resummation-based SSE
  Lattice:    4 x   -4
  beta =    2.000
  N =    2.000
   Mode: RSSE local updates (uncolored loops)
  ==========================================
  
  RSSE Results for SU(N) Heisenberg
  Cut-off M :          116
  Bins completed :           20
  =========================================
  -E/N        :      0.89108518     0.08431851
   C/N        :     -8.29616521     5.89885006
   <m**2>     :      0.00000000     0.00000000
   rhos_x     :      0.00000000     0.00000000
   rhos_y     :      0.00000000     0.00000000
   rhos_av    :      0.00000000     0.00000000
   X(0,0)     :      0.00000000     0.00000000
   <sign>     :      0.00137900     0.00049067
  =========================================
 # RSSE per-bin table
  cols: bin, -E/N,err, C/N,err, <m^2>,err, rhos_x,err, rhos_y,err, rhos_av,err, X(0,0),err
        <sign>_mean, <sign>_err
       1      0.79059829     0.00000000    13.06331726     0.00000000     0.00000000     0.00000000     0.00000000     0.00000000     0.00000000     0.00000000     0.00000000     0.00000000     0.00000000     0.00000000    -0.00234000     0.00000000
       2      0.57626216     0.15155853    -6.81596671    14.05677650     0.00000000     0.00000000     0.00000000     0.00000000     0.00000000     0.00000000     0.00000000     0.00000000     0.00000000     0.00000000    -0.00019000     0.00152028
       3      0.84831168     0.24402769   -11.27107956    10.05241842     0.00000000     0.00000000     0.00000000     0.00000000     0.00000000     0.00000000     0.00000000     0.00000000     0.00000000     0.00000000     0.00057333     0.00118982
       4      0.94051386     0.19968108    -9.17996259     7.75376234     0.00000000     0.00000000     0.00000000     0.00000000     0.00000000     0.00000000     0.00000000     0.00000000     0.00000000     0.00000000     0.00124500     0.00106521
       5      0.78053608     0.21445916    -1.61607655     9.17862893     0.00000000     0.00000000     0.00000000     0.00000000     0.00000000     0.00000000     0.00000000     0.00000000     0.00000000     0.00000000     0.00110400     0.00086145
       6      0.72426763     0.18595119    -3.51617059     7.84306390     0.00000000     0.00000000     0.00000000     0.00000000     0.00000000     0.00000000     0.00000000     0.00000000     0.00000000     0.00000000     0.00116000     0.00071969
       7      0.73226005     0.15955840    -2.92173390     6.74511517     0.00000000     0.00000000     0.00000000     0.00000000     0.00000000     0.00000000     0.00000000     0.00000000     0.00000000     0.00000000     0.00052000     0.00085535
       8      0.74210104     0.13991675    -1.99630360     5.96512252     0.00000000     0.00000000     0.00000000     0.00000000     0.00000000     0.00000000     0.00000000     0.00000000     0.00000000     0.00000000     0.00037750     0.00076021
       9      0.73807901     0.12442824    -3.37551146     5.45944801     0.00000000     0.00000000     0.00000000     0.00000000     0.00000000     0.00000000     0.00000000     0.00000000     0.00000000     0.00000000     0.00043556     0.00067795
      10      0.74374084     0.11211416    -3.14750178     4.91826223     0.00000000     0.00000000     0.00000000     0.00000000     0.00000000     0.00000000     0.00000000     0.00000000     0.00000000     0.00000000     0.00096600     0.00079090
      11      0.79377681     0.11253482    -3.33597249     4.47475718     0.00000000     0.00000000     0.00000000     0.00000000     0.00000000     0.00000000     0.00000000     0.00000000     0.00000000     0.00000000     0.00070182     0.00076185
      12      0.81091340     0.10445353    -2.72381578     4.14352138     0.00000000     0.00000000     0.00000000     0.00000000     0.00000000     0.00000000     0.00000000     0.00000000     0.00000000     0.00000000     0.00082167     0.00070773
      13      0.82529219     0.09740329    -2.49109164     3.83131896     0.00000000     0.00000000     0.00000000     0.00000000     0.00000000     0.00000000     0.00000000     0.00000000     0.00000000     0.00000000     0.00110308     0.00070702
      14      0.82357402     0.09046106    -2.53231241     3.55787506     0.00000000     0.00000000     0.00000000     0.00000000     0.00000000     0.00000000     0.00000000     0.00000000     0.00000000     0.00000000     0.00124429     0.00067047
      15      0.81941543     0.08452586    -2.34514747     3.32560273     0.00000000     0.00000000     0.00000000     0.00000000     0.00000000     0.00000000     0.00000000     0.00000000     0.00000000     0.00000000     0.00142000     0.00064839
      16      0.88701707     0.10278040    -9.09712176     7.24294246     0.00000000     0.00000000     0.00000000     0.00000000     0.00000000     0.00000000     0.00000000     0.00000000     0.00000000     0.00000000     0.00135375     0.00061124
      17      0.89159122     0.09683622    -9.23559824     6.81821065     0.00000000     0.00000000     0.00000000     0.00000000     0.00000000     0.00000000     0.00000000     0.00000000     0.00000000     0.00000000     0.00134353     0.00057537
      18      0.90376472     0.09221844    -8.89625094     6.44786042     0.00000000     0.00000000     0.00000000     0.00000000     0.00000000     0.00000000     0.00000000     0.00000000     0.00000000     0.00000000     0.00138556     0.00054494
      19      0.88801083     0.08870027    -9.30921206     6.12170936     0.00000000     0.00000000     0.00000000     0.00000000     0.00000000     0.00000000     0.00000000     0.00000000     0.00000000     0.00000000     0.00139263     0.00051631
      20      0.89108518     0.08431851    -8.29616521     5.89885006     0.00000000     0.00000000     0.00000000     0.00000000     0.00000000     0.00000000     0.00000000     0.00000000     0.00000000     0.00000000     0.00137900     0.00049067
  
  ==========================================
  RSSE: Resummation-based SSE
  Lattice:    4 x   -4
  beta =    2.000
  N =    2.000
   Mode: RSSE local updates (uncolored loops)
  ==========================================
  
  RSSE Results for SU(N) Heisenberg
  Cut-off M :          116
  Bins completed :           20
  =========================================
  -E/N        :      0.89108518     0.08431851
   C/N        :     -8.29616521     5.89885006
   <m**2>     :      0.00000000     0.00000000
   rhos_x     :      0.00000000     0.00000000
   rhos_y     :      0.00000000     0.00000000
   rhos_av    :      0.00000000     0.00000000
   X(0,0)     :      0.00000000     0.00000000
   <sign>     :      0.00137900     0.00049067
  =========================================
 # RSSE per-bin table
  cols: bin, -E/N,err, C/N,err, <m^2>,err, rhos_x,err, rhos_y,err, rhos_av,err, X(0,0),err
        <sign>_mean, <sign>_err
       1      0.79059829     0.00000000    13.06331726     0.00000000     0.00000000     0.00000000     0.00000000     0.00000000     0.00000000     0.00000000     0.00000000     0.00000000     0.00000000     0.00000000    -0.00234000     0.00000000
       2      0.57626216     0.15155853    -6.81596671    14.05677650     0.00000000     0.00000000     0.00000000     0.00000000     0.00000000     0.00000000     0.00000000     0.00000000     0.00000000     0.00000000    -0.00019000     0.00152028
       3      0.84831168     0.24402769   -11.27107956    10.05241842     0.00000000     0.00000000     0.00000000     0.00000000     0.00000000     0.00000000     0.00000000     0.00000000     0.00000000     0.00000000     0.00057333     0.00118982
       4      0.94051386     0.19968108    -9.17996259     7.75376234     0.00000000     0.00000000     0.00000000     0.00000000     0.00000000     0.00000000     0.00000000     0.00000000     0.00000000     0.00000000     0.00124500     0.00106521
       5      0.78053608     0.21445916    -1.61607655     9.17862893     0.00000000     0.00000000     0.00000000     0.00000000     0.00000000     0.00000000     0.00000000     0.00000000     0.00000000     0.00000000     0.00110400     0.00086145
       6      0.72426763     0.18595119    -3.51617059     7.84306390     0.00000000     0.00000000     0.00000000     0.00000000     0.00000000     0.00000000     0.00000000     0.00000000     0.00000000     0.00000000     0.00116000     0.00071969
       7      0.73226005     0.15955840    -2.92173390     6.74511517     0.00000000     0.00000000     0.00000000     0.00000000     0.00000000     0.00000000     0.00000000     0.00000000     0.00000000     0.00000000     0.00052000     0.00085535
       8      0.74210104     0.13991675    -1.99630360     5.96512252     0.00000000     0.00000000     0.00000000     0.00000000     0.00000000     0.00000000     0.00000000     0.00000000     0.00000000     0.00000000     0.00037750     0.00076021
       9      0.73807901     0.12442824    -3.37551146     5.45944801     0.00000000     0.00000000     0.00000000     0.00000000     0.00000000     0.00000000     0.00000000     0.00000000     0.00000000     0.00000000     0.00043556     0.00067795
      10      0.74374084     0.11211416    -3.14750178     4.91826223     0.00000000     0.00000000     0.00000000     0.00000000     0.00000000     0.00000000     0.00000000     0.00000000     0.00000000     0.00000000     0.00096600     0.00079090
      11      0.79377681     0.11253482    -3.33597249     4.47475718     0.00000000     0.00000000     0.00000000     0.00000000     0.00000000     0.00000000     0.00000000     0.00000000     0.00000000     0.00000000     0.00070182     0.00076185
      12      0.81091340     0.10445353    -2.72381578     4.14352138     0.00000000     0.00000000     0.00000000     0.00000000     0.00000000     0.00000000     0.00000000     0.00000000     0.00000000     0.00000000     0.00082167     0.00070773
      13      0.82529219     0.09740329    -2.49109164     3.83131896     0.00000000     0.00000000     0.00000000     0.00000000     0.00000000     0.00000000     0.00000000     0.00000000     0.00000000     0.00000000     0.00110308     0.00070702
      14      0.82357402     0.09046106    -2.53231241     3.55787506     0.00000000     0.00000000     0.00000000     0.00000000     0.00000000     0.00000000     0.00000000     0.00000000     0.00000000     0.00000000     0.00124429     0.00067047
      15      0.81941543     0.08452586    -2.34514747     3.32560273     0.00000000     0.00000000     0.00000000     0.00000000     0.00000000     0.00000000     0.00000000     0.00000000     0.00000000     0.00000000     0.00142000     0.00064839
      16      0.88701707     0.10278040    -9.09712176     7.24294246     0.00000000     0.00000000     0.00000000     0.00000000     0.00000000     0.00000000     0.00000000     0.00000000     0.00000000     0.00000000     0.00135375     0.00061124
      17      0.89159122     0.09683622    -9.23559824     6.81821065     0.00000000     0.00000000     0.00000000     0.00000000     0.00000000     0.00000000     0.00000000     0.00000000     0.00000000     0.00000000     0.00134353     0.00057537
      18      0.90376472     0.09221844    -8.89625094     6.44786042     0.00000000     0.00000000     0.00000000     0.00000000     0.00000000     0.00000000     0.00000000     0.00000000     0.00000000     0.00000000     0.00138556     0.00054494
      19      0.88801083     0.08870027    -9.30921206     6.12170936     0.00000000     0.00000000     0.00000000     0.00000000     0.00000000     0.00000000     0.00000000     0.00000000     0.00000000     0.00000000     0.00139263     0.00051631
      20      0.89108518     0.08431851    -8.29616521     5.89885006     0.00000000     0.00000000     0.00000000     0.00000000     0.00000000     0.00000000     0.00000000     0.00000000     0.00000000     0.00000000     0.00137900     0.00049067
  
  ==========================================
  RSSE: Resummation-based SSE
  Lattice:    4 x   -4
  beta =    2.000
  N =    2.000
   Mode: RSSE local updates (uncolored loops)
  ==========================================
  
  RSSE Results for SU(N) Heisenberg
  Cut-off M :          116
  Bins completed :           20
  =========================================
  -E/N        :      0.89108518     0.08431851
   C/N        :     -8.29616521     5.89885006
   <m**2>     :      0.00000000     0.00000000
   rhos_x     :      0.00000000     0.00000000
   rhos_y     :      0.00000000     0.00000000
   rhos_av    :      0.00000000     0.00000000
   X(0,0)     :      0.00000000     0.00000000
   <sign>     :      0.00137900     0.00049067
  =========================================
 # RSSE per-bin table
  cols: bin, -E/N,err, C/N,err, <m^2>,err, rhos_x,err, rhos_y,err, rhos_av,err, X(0,0),err
        <sign>_mean, <sign>_err
       1      1.02182904     0.00000000   -24.62336451     0.00000000     0.00000000     0.00000000     0.00000000     0.00000000     0.00000000     0.00000000     0.00000000     0.00000000     0.00000000     0.00000000     0.00034000     0.00000000
       2      0.81670459     0.14504489    -8.20229963    11.61144633     0.00000000     0.00000000     0.00000000     0.00000000     0.00000000     0.00000000     0.00000000     0.00000000     0.00000000     0.00000000    -0.00045000     0.00055861
       3      0.79502776     0.09830304    -7.59498016     7.75683043     0.00000000     0.00000000     0.00000000     0.00000000     0.00000000     0.00000000     0.00000000     0.00000000     0.00000000     0.00000000    -0.00062667     0.00039937
       4      0.76711413     0.07758924    -5.53186071     6.08580986     0.00000000     0.00000000     0.00000000     0.00000000     0.00000000     0.00000000     0.00000000     0.00000000     0.00000000     0.00000000    -0.00078000     0.00032764
       5      0.73657145     0.06781697    -4.72489534     4.92185806     0.00000000     0.00000000     0.00000000     0.00000000     0.00000000     0.00000000     0.00000000     0.00000000     0.00000000     0.00000000     0.00003200     0.00077213
       6      0.72829522     0.05701691    -3.50264553     4.25060129     0.00000000     0.00000000     0.00000000     0.00000000     0.00000000     0.00000000     0.00000000     0.00000000     0.00000000     0.00000000     0.00016000     0.00065396
       7      0.54421478     0.17729423   -59.16236690    51.65952636     0.00000000     0.00000000     0.00000000     0.00000000     0.00000000     0.00000000     0.00000000     0.00000000     0.00000000     0.00000000     0.00019714     0.00056159
       8      0.56130785     0.15595425   -51.72731842    45.73399711     0.00000000     0.00000000     0.00000000     0.00000000     0.00000000     0.00000000     0.00000000     0.00000000     0.00000000     0.00000000    -0.00015000     0.00058899
       9      0.38118444     0.21921832  -127.46530924    82.16753570     0.00000000     0.00000000     0.00000000     0.00000000     0.00000000     0.00000000     0.00000000     0.00000000     0.00000000     0.00000000    -0.00008667     0.00052694
      10      0.40848871     0.19898964  -114.30962433    74.99655338     0.00000000     0.00000000     0.00000000     0.00000000     0.00000000     0.00000000     0.00000000     0.00000000     0.00000000     0.00000000     0.00009000     0.00050299
      11      0.42282423     0.18141531  -104.00376754    68.88314918     0.00000000     0.00000000     0.00000000     0.00000000     0.00000000     0.00000000     0.00000000     0.00000000     0.00000000     0.00000000     0.00036364     0.00052646
      12      0.43943652     0.16705624   -95.16307608    63.70768258     0.00000000     0.00000000     0.00000000     0.00000000     0.00000000     0.00000000     0.00000000     0.00000000     0.00000000     0.00000000     0.00002833     0.00057961
      13      0.45178981     0.15466183   -87.82009443    59.22875787     0.00000000     0.00000000     0.00000000     0.00000000     0.00000000     0.00000000     0.00000000     0.00000000     0.00000000     0.00000000    -0.00011692     0.00055293
      14      0.44361828     0.14383026   -83.36227223    55.16563509     0.00000000     0.00000000     0.00000000     0.00000000     0.00000000     0.00000000     0.00000000     0.00000000     0.00000000     0.00000000    -0.00015857     0.00051500
      15      0.44403195     0.13424217   -78.28528927    51.72101995     0.00000000     0.00000000     0.00000000     0.00000000     0.00000000     0.00000000     0.00000000     0.00000000     0.00000000     0.00000000    -0.00031600     0.00050416
      16      0.45844275     0.12662317   -73.61770204    48.69861505     0.00000000     0.00000000     0.00000000     0.00000000     0.00000000     0.00000000     0.00000000     0.00000000     0.00000000     0.00000000    -0.00008875     0.00052135
      17      0.47382776     0.12010577   -69.38590567    46.01748994     0.00000000     0.00000000     0.00000000     0.00000000     0.00000000     0.00000000     0.00000000     0.00000000     0.00000000     0.00000000    -0.00025059     0.00051519
      18      0.48061040     0.11362458   -65.57398458    43.61855980     0.00000000     0.00000000     0.00000000     0.00000000     0.00000000     0.00000000     0.00000000     0.00000000     0.00000000     0.00000000    -0.00028778     0.00048791
      19      0.48415308     0.10769955   -62.21655307    41.45185976     0.00000000     0.00000000     0.00000000     0.00000000     0.00000000     0.00000000     0.00000000     0.00000000     0.00000000     0.00000000    -0.00012526     0.00048855
      20      0.48593997     0.10232940   -59.38022956    39.47618454     0.00000000     0.00000000     0.00000000     0.00000000     0.00000000     0.00000000     0.00000000     0.00000000     0.00000000     0.00000000     0.00008200     0.00050618
  
  ==========================================
  RSSE: Resummation-based SSE
  Lattice:   16 x  -16
  beta =    1.000
  N =    2.000
   Mode: RSSE local updates (uncolored loops)
  ==========================================
  
  RSSE Results for SU(N) Heisenberg
  Cut-off M :          600
  Bins completed :           20
  =========================================
  -E/N        :      0.48593997     0.10232940
   C/N        :    -59.38022956    39.47618454
   <m**2>     :      0.00000000     0.00000000
   rhos_x     :      0.00000000     0.00000000
   rhos_y     :      0.00000000     0.00000000
   rhos_av    :      0.00000000     0.00000000
   X(0,0)     :      0.00000000     0.00000000
   <sign>     :      0.00008200     0.00050618
  =========================================
 # RSSE per-bin table
  cols: bin, -E/N,err, C/N,err, <m^2>,err, rhos_x,err, rhos_y,err, rhos_av,err, X(0,0),err
        <sign>_mean, <sign>_err
       1      1.02182904     0.00000000   -24.62336451     0.00000000     0.00000000     0.00000000     0.00000000     0.00000000     0.00000000     0.00000000     0.00000000     0.00000000     6.58754596     0.00000000     0.00034000     0.00000000
 # RSSE per-bin table
  cols: bin, -E/N,err, C/N,err, <m^2>,err, rhos_x,err, rhos_y,err, rhos_av,err, X(0,0),err
        <sign>_mean, <sign>_err
       1      0.15490956     0.00000000   -12.13384612     0.00000000     0.00000000     0.00000000     0.00000000     0.00000000     0.00000000     0.00000000     0.00000000     0.00000000     0.00000000     0.00000000     0.01032000     0.00000000
       2      0.20142862     0.03289394    -3.97531310     5.76895403     0.00000000     0.00000000     0.00000000     0.00000000     0.00000000     0.00000000     0.00000000     0.00000000     0.00000000     0.00000000     0.01255000     0.00157685
       3      0.18050300     0.02779955    -8.87311408     5.54831355     0.00000000     0.00000000     0.00000000     0.00000000     0.00000000     0.00000000     0.00000000     0.00000000     0.00000000     0.00000000     0.01164667     0.00128417
       4      0.20047796     0.02709165    -6.12399669     4.79417489     0.00000000     0.00000000     0.00000000     0.00000000     0.00000000     0.00000000     0.00000000     0.00000000     0.00000000     0.00000000     0.01250000     0.00121398
       5      0.20153481     0.02169393    -6.22843243     3.83647725     0.00000000     0.00000000     0.00000000     0.00000000     0.00000000     0.00000000     0.00000000     0.00000000     0.00000000     0.00000000     0.01182800     0.00114213
       6      0.21316790     0.02096659    -4.47003899     3.57740738     0.00000000     0.00000000     0.00000000     0.00000000     0.00000000     0.00000000     0.00000000     0.00000000     0.00000000     0.00000000     0.01202333     0.00096834
       7      0.21701180     0.01832033    -3.85048175     3.11953724     0.00000000     0.00000000     0.00000000     0.00000000     0.00000000     0.00000000     0.00000000     0.00000000     0.00000000     0.00000000     0.01195143     0.00083267
       8      0.22807699     0.01908151    -2.53115303     2.99561998     0.00000000     0.00000000     0.00000000     0.00000000     0.00000000     0.00000000     0.00000000     0.00000000     0.00000000     0.00000000     0.01233250     0.00081111
       9      0.23940509     0.02004381    -2.08702317     2.69549555     0.00000000     0.00000000     0.00000000     0.00000000     0.00000000     0.00000000     0.00000000     0.00000000     0.00000000     0.00000000     0.01319333     0.00108560
      10      0.24034817     0.01806160    -1.72492596     2.45014630     0.00000000     0.00000000     0.00000000     0.00000000     0.00000000     0.00000000     0.00000000     0.00000000     0.00000000     0.00000000     0.01304800     0.00098672
      11      0.24630582     0.01737445    -1.10417831     2.30469828     0.00000000     0.00000000     0.00000000     0.00000000     0.00000000     0.00000000     0.00000000     0.00000000     0.00000000     0.00000000     0.01316000     0.00090335
      12      0.24679436     0.01593345    -0.99582330     2.11518570     0.00000000     0.00000000     0.00000000     0.00000000     0.00000000     0.00000000     0.00000000     0.00000000     0.00000000     0.00000000     0.01312667     0.00082868
      13      0.24387430     0.01497298    -1.16587647     1.95930301     0.00000000     0.00000000     0.00000000     0.00000000     0.00000000     0.00000000     0.00000000     0.00000000     0.00000000     0.00000000     0.01301385     0.00077258
      14      0.25005754     0.01512641    -0.74398988     1.86422086     0.00000000     0.00000000     0.00000000     0.00000000     0.00000000     0.00000000     0.00000000     0.00000000     0.00000000     0.00000000     0.01335143     0.00078771
      15      0.25105103     0.01415057    -0.21502000     1.81343447     0.00000000     0.00000000     0.00000000     0.00000000     0.00000000     0.00000000     0.00000000     0.00000000     0.00000000     0.00000000     0.01312533     0.00076695
      16      0.25403917     0.01357800     0.07029532     1.72239351     0.00000000     0.00000000     0.00000000     0.00000000     0.00000000     0.00000000     0.00000000     0.00000000     0.00000000     0.00000000     0.01331125     0.00074121
      17      0.25080230     0.01315946     0.02089981     1.62178438     0.00000000     0.00000000     0.00000000     0.00000000     0.00000000     0.00000000     0.00000000     0.00000000     0.00000000     0.00000000     0.01316353     0.00071218
      18      0.25002682     0.01245120     0.18664801     1.54013179     0.00000000     0.00000000     0.00000000     0.00000000     0.00000000     0.00000000     0.00000000     0.00000000     0.00000000     0.00000000     0.01301778     0.00068737
      19      0.24546183     0.01260496    -0.36066336     1.55327902     0.00000000     0.00000000     0.00000000     0.00000000     0.00000000     0.00000000     0.00000000     0.00000000     0.00000000     0.00000000     0.01292526     0.00065738
      20      0.23953186     0.01329662    -1.19305312     1.68394445     0.00000000     0.00000000     0.00000000     0.00000000     0.00000000     0.00000000     0.00000000     0.00000000     0.00000000     0.00000000     0.01280700     0.00063506
      21      0.24344128     0.01322569    -0.69837635     1.67483962     0.00000000     0.00000000     0.00000000     0.00000000     0.00000000     0.00000000     0.00000000     0.00000000     0.00000000     0.00000000     0.01267048     0.00061932
      22      0.24629479     0.01292869    -0.48095366     1.61276139     0.00000000     0.00000000     0.00000000     0.00000000     0.00000000     0.00000000     0.00000000     0.00000000     0.00000000     0.00000000     0.01281818     0.00060853
      23      0.24407411     0.01255584    -0.60997149     1.54779331     0.00000000     0.00000000     0.00000000     0.00000000     0.00000000     0.00000000     0.00000000     0.00000000     0.00000000     0.00000000     0.01280348     0.00058225
      24      0.24692934     0.01235306    -0.21627526     1.53255444     0.00000000     0.00000000     0.00000000     0.00000000     0.00000000     0.00000000     0.00000000     0.00000000     0.00000000     0.00000000     0.01279250     0.00055809
      25      0.24453454     0.01208884    -0.20635371     1.47128438     0.00000000     0.00000000     0.00000000     0.00000000     0.00000000     0.00000000     0.00000000     0.00000000     0.00000000     0.00000000     0.01268160     0.00054668
      26      0.24548632     0.01166129    -0.23746591     1.41502544     0.00000000     0.00000000     0.00000000     0.00000000     0.00000000     0.00000000     0.00000000     0.00000000     0.00000000     0.00000000     0.01262538     0.00052853
      27      0.24518525     0.01123328    -0.27278066     1.36305769     0.00000000     0.00000000     0.00000000     0.00000000     0.00000000     0.00000000     0.00000000     0.00000000     0.00000000     0.00000000     0.01261185     0.00050913
      28      0.24420586     0.01087470    -0.36187324     1.31728549     0.00000000     0.00000000     0.00000000     0.00000000     0.00000000     0.00000000     0.00000000     0.00000000     0.00000000     0.00000000     0.01257429     0.00049233
      29      0.24386406     0.01050508    -0.25704444     1.27602614     0.00000000     0.00000000     0.00000000     0.00000000     0.00000000     0.00000000     0.00000000     0.00000000     0.00000000     0.00000000     0.01251172     0.00047931
      30      0.24418526     0.01015982    -0.23629720     1.23366059     0.00000000     0.00000000     0.00000000     0.00000000     0.00000000     0.00000000     0.00000000     0.00000000     0.00000000     0.00000000     0.01256133     0.00046590
      31      0.24534995     0.00989862    -0.07750885     1.20404080     0.00000000     0.00000000     0.00000000     0.00000000     0.00000000     0.00000000     0.00000000     0.00000000     0.00000000     0.00000000     0.01262968     0.00045585
      32      0.24439823     0.00963493    -0.12432784     1.16732444     0.00000000     0.00000000     0.00000000     0.00000000     0.00000000     0.00000000     0.00000000     0.00000000     0.00000000     0.00000000     0.01258187     0.00044411
      33      0.24518471     0.00937501    -0.03351675     1.13547777     0.00000000     0.00000000     0.00000000     0.00000000     0.00000000     0.00000000     0.00000000     0.00000000     0.00000000     0.00000000     0.01275152     0.00046191
      34      0.24542060     0.00910224    -0.06810426     1.10260802     0.00000000     0.00000000     0.00000000     0.00000000     0.00000000     0.00000000     0.00000000     0.00000000     0.00000000     0.00000000     0.01283529     0.00045586
      35      0.24234741     0.00934659    -0.37539155     1.11310080     0.00000000     0.00000000     0.00000000     0.00000000     0.00000000     0.00000000     0.00000000     0.00000000     0.00000000     0.00000000     0.01268743     0.00046620
      36      0.24202657     0.00909246    -0.54948570     1.09571132     0.00000000     0.00000000     0.00000000     0.00000000     0.00000000     0.00000000     0.00000000     0.00000000     0.00000000     0.00000000     0.01274389     0.00045666
      37      0.24238946     0.00885396    -0.36657873     1.08125605     0.00000000     0.00000000     0.00000000     0.00000000     0.00000000     0.00000000     0.00000000     0.00000000     0.00000000     0.00000000     0.01266378     0.00045129
      38      0.24197583     0.00863062    -0.37740490     1.05285615     0.00000000     0.00000000     0.00000000     0.00000000     0.00000000     0.00000000     0.00000000     0.00000000     0.00000000     0.00000000     0.01267158     0.00043948
      39      0.24206604     0.00840979    -0.37324967     1.02586803     0.00000000     0.00000000     0.00000000     0.00000000     0.00000000     0.00000000     0.00000000     0.00000000     0.00000000     0.00000000     0.01262359     0.00043082
      40      0.24159790     0.00821257    -0.50243630     1.00832270     0.00000000     0.00000000     0.00000000     0.00000000     0.00000000     0.00000000     0.00000000     0.00000000     0.00000000     0.00000000     0.01253650     0.00042876
      41      0.24278754     0.00809796    -0.46893839     0.98428573     0.00000000     0.00000000     0.00000000     0.00000000     0.00000000     0.00000000     0.00000000     0.00000000     0.00000000     0.00000000     0.01265805     0.00043519
      42      0.24369033     0.00795532    -0.41603497     0.96227103     0.00000000     0.00000000     0.00000000     0.00000000     0.00000000     0.00000000     0.00000000     0.00000000     0.00000000     0.00000000     0.01262238     0.00042629
      43      0.24147731     0.00807226    -0.67671602     0.97456269     0.00000000     0.00000000     0.00000000     0.00000000     0.00000000     0.00000000     0.00000000     0.00000000     0.00000000     0.00000000     0.01262419     0.00041638
      44      0.24326759     0.00808489    -0.59262279     0.95603478     0.00000000     0.00000000     0.00000000     0.00000000     0.00000000     0.00000000     0.00000000     0.00000000     0.00000000     0.00000000     0.01280455     0.00044427
      45      0.24312967     0.00790640    -0.59989206     0.93481720     0.00000000     0.00000000     0.00000000     0.00000000     0.00000000     0.00000000     0.00000000     0.00000000     0.00000000     0.00000000     0.01279022     0.00043463
      46      0.24395289     0.00777726    -0.60449877     0.91450644     0.00000000     0.00000000     0.00000000     0.00000000     0.00000000     0.00000000     0.00000000     0.00000000     0.00000000     0.00000000     0.01290000     0.00043882
      47      0.24505965     0.00769013    -0.46916093     0.90500777     0.00000000     0.00000000     0.00000000     0.00000000     0.00000000     0.00000000     0.00000000     0.00000000     0.00000000     0.00000000     0.01289660     0.00042950
      48      0.24461444     0.00754280    -0.47382085     0.88616544     0.00000000     0.00000000     0.00000000     0.00000000     0.00000000     0.00000000     0.00000000     0.00000000     0.00000000     0.00000000     0.01290875     0.00042072
      49      0.24533180     0.00742290    -0.42555814     0.86939369     0.00000000     0.00000000     0.00000000     0.00000000     0.00000000     0.00000000     0.00000000     0.00000000     0.00000000     0.00000000     0.01296367     0.00041571
      50      0.24668219     0.00739625    -0.35637557     0.85475401     0.00000000     0.00000000     0.00000000     0.00000000     0.00000000     0.00000000     0.00000000     0.00000000     0.00000000     0.00000000     0.01301720     0.00041082
      51      0.24638283     0.00725728    -0.42461005     0.84071327     0.00000000     0.00000000     0.00000000     0.00000000     0.00000000     0.00000000     0.00000000     0.00000000     0.00000000     0.00000000     0.01305490     0.00040449
      52      0.24737685     0.00718547    -0.31605642     0.83152445     0.00000000     0.00000000     0.00000000     0.00000000     0.00000000     0.00000000     0.00000000     0.00000000     0.00000000     0.00000000     0.01310308     0.00039957
      53      0.24915908     0.00726756    -0.21626399     0.82180161     0.00000000     0.00000000     0.00000000     0.00000000     0.00000000     0.00000000     0.00000000     0.00000000     0.00000000     0.00000000     0.01324792     0.00041746
      54      0.25062635     0.00727959    -0.20858571     0.80661893     0.00000000     0.00000000     0.00000000     0.00000000     0.00000000     0.00000000     0.00000000     0.00000000     0.00000000     0.00000000     0.01334111     0.00042001
      55      0.25040751     0.00715052    -0.20194310     0.79198048     0.00000000     0.00000000     0.00000000     0.00000000     0.00000000     0.00000000     0.00000000     0.00000000     0.00000000     0.00000000     0.01334182     0.00041237
      56      0.24942158     0.00709048    -0.32546770     0.78741207     0.00000000     0.00000000     0.00000000     0.00000000     0.00000000     0.00000000     0.00000000     0.00000000     0.00000000     0.00000000     0.01330429     0.00040671
      57      0.25041052     0.00703471    -0.23541293     0.77873049     0.00000000     0.00000000     0.00000000     0.00000000     0.00000000     0.00000000     0.00000000     0.00000000     0.00000000     0.00000000     0.01332737     0.00040023
      58      0.24956723     0.00696379    -0.32886343     0.77089091     0.00000000     0.00000000     0.00000000     0.00000000     0.00000000     0.00000000     0.00000000     0.00000000     0.00000000     0.00000000     0.01333138     0.00039335
      59      0.24830372     0.00695944    -0.37147969     0.75900200     0.00000000     0.00000000     0.00000000     0.00000000     0.00000000     0.00000000     0.00000000     0.00000000     0.00000000     0.00000000     0.01324610     0.00039582
      60      0.24902451     0.00688067    -0.32184333     0.74797324     0.00000000     0.00000000     0.00000000     0.00000000     0.00000000     0.00000000     0.00000000     0.00000000     0.00000000     0.00000000     0.01326600     0.00038972
      61      0.24554895     0.00759510    -0.82521185     0.88909917     0.00000000     0.00000000     0.00000000     0.00000000     0.00000000     0.00000000     0.00000000     0.00000000     0.00000000     0.00000000     0.01316131     0.00039714
      62      0.24593361     0.00748234    -0.83261517     0.87478969     0.00000000     0.00000000     0.00000000     0.00000000     0.00000000     0.00000000     0.00000000     0.00000000     0.00000000     0.00000000     0.01317935     0.00039115
      63      0.24392164     0.00762928    -0.96753738     0.87124680     0.00000000     0.00000000     0.00000000     0.00000000     0.00000000     0.00000000     0.00000000     0.00000000     0.00000000     0.00000000     0.01309651     0.00039362
      64      0.24419336     0.00751491    -0.95455839     0.85773023     0.00000000     0.00000000     0.00000000     0.00000000     0.00000000     0.00000000     0.00000000     0.00000000     0.00000000     0.00000000     0.01313406     0.00038925
      65      0.24540128     0.00749575    -0.88953273     0.84699564     0.00000000     0.00000000     0.00000000     0.00000000     0.00000000     0.00000000     0.00000000     0.00000000     0.00000000     0.00000000     0.01317477     0.00038539
      66      0.24618216     0.00742274    -0.84475977     0.83534490     0.00000000     0.00000000     0.00000000     0.00000000     0.00000000     0.00000000     0.00000000     0.00000000     0.00000000     0.00000000     0.01326394     0.00038973
      67      0.24624797     0.00731224    -0.86478663     0.82311710     0.00000000     0.00000000     0.00000000     0.00000000     0.00000000     0.00000000     0.00000000     0.00000000     0.00000000     0.00000000     0.01330985     0.00038660
      68      0.24726527     0.00727513    -0.82704545     0.81187722     0.00000000     0.00000000     0.00000000     0.00000000     0.00000000     0.00000000     0.00000000     0.00000000     0.00000000     0.00000000     0.01340206     0.00039176
      69      0.24694116     0.00717691    -0.90219027     0.80358094     0.00000000     0.00000000     0.00000000     0.00000000     0.00000000     0.00000000     0.00000000     0.00000000     0.00000000     0.00000000     0.01340551     0.00038610
      70      0.24701554     0.00707477    -0.94025531     0.79300226     0.00000000     0.00000000     0.00000000     0.00000000     0.00000000     0.00000000     0.00000000     0.00000000     0.00000000     0.00000000     0.01341800     0.00038079
      71      0.24635572     0.00700582    -1.03075203     0.78697998     0.00000000     0.00000000     0.00000000     0.00000000     0.00000000     0.00000000     0.00000000     0.00000000     0.00000000     0.00000000     0.01342451     0.00037548
      72      0.24703410     0.00694129    -0.96490825     0.77879929     0.00000000     0.00000000     0.00000000     0.00000000     0.00000000     0.00000000     0.00000000     0.00000000     0.00000000     0.00000000     0.01342417     0.00037026
      73      0.24741889     0.00685686    -0.94012686     0.76852497     0.00000000     0.00000000     0.00000000     0.00000000     0.00000000     0.00000000     0.00000000     0.00000000     0.00000000     0.00000000     0.01346110     0.00036703
      74      0.24769302     0.00676967    -0.86239202     0.76206072     0.00000000     0.00000000     0.00000000     0.00000000     0.00000000     0.00000000     0.00000000     0.00000000     0.00000000     0.00000000     0.01343108     0.00036329
      75      0.24728923     0.00669144    -0.94800168     0.75669332     0.00000000     0.00000000     0.00000000     0.00000000     0.00000000     0.00000000     0.00000000     0.00000000     0.00000000     0.00000000     0.01344960     0.00035892
      76      0.24677305     0.00662328    -0.97819062     0.74733879     0.00000000     0.00000000     0.00000000     0.00000000     0.00000000     0.00000000     0.00000000     0.00000000     0.00000000     0.00000000     0.01344079     0.00035431
      77      0.24711902     0.00654629    -0.94684687     0.73829008     0.00000000     0.00000000     0.00000000     0.00000000     0.00000000     0.00000000     0.00000000     0.00000000     0.00000000     0.00000000     0.01351714     0.00035784
      78      0.24676541     0.00647191    -0.98425641     0.72977199     0.00000000     0.00000000     0.00000000     0.00000000     0.00000000     0.00000000     0.00000000     0.00000000     0.00000000     0.00000000     0.01349718     0.00035381
      79      0.24192982     0.00799492    -1.86208943     1.13137362     0.00000000     0.00000000     0.00000000     0.00000000     0.00000000     0.00000000     0.00000000     0.00000000     0.00000000     0.00000000     0.01338810     0.00036576
      80      0.24249639     0.00791504    -1.77027695     1.12095061     0.00000000     0.00000000     0.00000000     0.00000000     0.00000000     0.00000000     0.00000000     0.00000000     0.00000000     0.00000000     0.01340775     0.00036171
      81      0.24289502     0.00782735    -1.78190905     1.10717207     0.00000000     0.00000000     0.00000000     0.00000000     0.00000000     0.00000000     0.00000000     0.00000000     0.00000000     0.00000000     0.01346272     0.00036140
      82      0.24354772     0.00775906    -1.71020076     1.09598968     0.00000000     0.00000000     0.00000000     0.00000000     0.00000000     0.00000000     0.00000000     0.00000000     0.00000000     0.00000000     0.01353561     0.00036427
      83      0.24387491     0.00767248    -1.62110914     1.08640002     0.00000000     0.00000000     0.00000000     0.00000000     0.00000000     0.00000000     0.00000000     0.00000000     0.00000000     0.00000000     0.01352072     0.00036018
      84      0.24379208     0.00758158    -1.67617134     1.07486114     0.00000000     0.00000000     0.00000000     0.00000000     0.00000000     0.00000000     0.00000000     0.00000000     0.00000000     0.00000000     0.01351810     0.00035590
      85      0.24481981     0.00756172    -1.62994395     1.06320932     0.00000000     0.00000000     0.00000000     0.00000000     0.00000000     0.00000000     0.00000000     0.00000000     0.00000000     0.00000000     0.01357271     0.00035588
      86      0.24427583     0.00749334    -1.66661979     1.05147881     0.00000000     0.00000000     0.00000000     0.00000000     0.00000000     0.00000000     0.00000000     0.00000000     0.00000000     0.00000000     0.01354326     0.00035296
      87      0.24270113     0.00757086    -1.79609528     1.04733409     0.00000000     0.00000000     0.00000000     0.00000000     0.00000000     0.00000000     0.00000000     0.00000000     0.00000000     0.00000000     0.01348552     0.00035360
      88      0.24369396     0.00754965    -1.68444457     1.04136681     0.00000000     0.00000000     0.00000000     0.00000000     0.00000000     0.00000000     0.00000000     0.00000000     0.00000000     0.00000000     0.01347273     0.00034981
      89      0.24285571     0.00751121    -1.71767494     1.03019612     0.00000000     0.00000000     0.00000000     0.00000000     0.00000000     0.00000000     0.00000000     0.00000000     0.00000000     0.00000000     0.01344652     0.00034686
      90      0.24346268     0.00745223    -1.67411918     1.01966983     0.00000000     0.00000000     0.00000000     0.00000000     0.00000000     0.00000000     0.00000000     0.00000000     0.00000000     0.00000000     0.01349867     0.00034690
      91      0.24404957     0.00739342    -1.65304113     1.00868250     0.00000000     0.00000000     0.00000000     0.00000000     0.00000000     0.00000000     0.00000000     0.00000000     0.00000000     0.00000000     0.01355275     0.00034728
      92      0.24459245     0.00733296    -1.62560308     0.99809167     0.00000000     0.00000000     0.00000000     0.00000000     0.00000000     0.00000000     0.00000000     0.00000000     0.00000000     0.00000000     0.01359609     0.00034620
      93      0.24503423     0.00726740    -1.59552666     0.98781256     0.00000000     0.00000000     0.00000000     0.00000000     0.00000000     0.00000000     0.00000000     0.00000000     0.00000000     0.00000000     0.01359355     0.00034249
      94      0.24549265     0.00720453    -1.53304247     0.97927814     0.00000000     0.00000000     0.00000000     0.00000000     0.00000000     0.00000000     0.00000000     0.00000000     0.00000000     0.00000000     0.01358213     0.00033903
      95      0.24575927     0.00713363    -1.51346575     0.96916561     0.00000000     0.00000000     0.00000000     0.00000000     0.00000000     0.00000000     0.00000000     0.00000000     0.00000000     0.00000000     0.01358863     0.00033553
      96      0.24524676     0.00707771    -1.58244589     0.96152183     0.00000000     0.00000000     0.00000000     0.00000000     0.00000000     0.00000000     0.00000000     0.00000000     0.00000000     0.00000000     0.01359333     0.00033206
      97      0.24549920     0.00700924    -1.55077383     0.95213072     0.00000000     0.00000000     0.00000000     0.00000000     0.00000000     0.00000000     0.00000000     0.00000000     0.00000000     0.00000000     0.01356412     0.00032992
      98      0.24542414     0.00693812    -1.57908256     0.94283584     0.00000000     0.00000000     0.00000000     0.00000000     0.00000000     0.00000000     0.00000000     0.00000000     0.00000000     0.00000000     0.01355510     0.00032668
      99      0.24541172     0.00686805    -1.56906224     0.93336549     0.00000000     0.00000000     0.00000000     0.00000000     0.00000000     0.00000000     0.00000000     0.00000000     0.00000000     0.00000000     0.01356606     0.00032356
     100      0.24581697     0.00681131    -1.54110891     0.92445033     0.00000000     0.00000000     0.00000000     0.00000000     0.00000000     0.00000000     0.00000000     0.00000000     0.00000000     0.00000000     0.01358020     0.00032064
  
  ==========================================
  RSSE: Resummation-based SSE
  Lattice:    3 x    1
  beta =   10.000
  N =    2.000
   Mode: RSSE local updates (uncolored loops)
  ==========================================
  
  RSSE Results for SU(N) Heisenberg
  Cut-off M :           57
  Bins completed :          100
  =========================================
  -E/N        :      0.24581697     0.00681131
   C/N        :     -1.54110891     0.92445033
   <m**2>     :      0.00000000     0.00000000
   rhos_x     :      0.00000000     0.00000000
   rhos_y     :      0.00000000     0.00000000
   rhos_av    :      0.00000000     0.00000000
   X(0,0)     :      0.00000000     0.00000000
   <sign>     :      0.01358020     0.00032064
  =========================================
 # RSSE per-bin table
  cols: bin, -E/N,err, C/N,err, <m^2>,err, rhos_x,err, rhos_y,err, rhos_av,err, X(0,0),err
        <sign>_mean, <sign>_err
       1      0.66816211     0.00000000     0.06643984     0.00000000     0.00000000     0.00000000     0.00000000     0.00000000     0.00000000     0.00000000     0.00000000     0.00000000     0.00000000     0.00000000     1.00000000     0.00000000
       2      0.66847813     0.00022346     0.08506330     0.01316877     0.00000000     0.00000000     0.00000000     0.00000000     0.00000000     0.00000000     0.00000000     0.00000000     0.00000000     0.00000000     1.00000000     0.00000000
       3      0.66848047     0.00014898     0.03695117     0.04025243     0.00000000     0.00000000     0.00000000     0.00000000     0.00000000     0.00000000     0.00000000     0.00000000     0.00000000     0.00000000     1.00000000     0.00000000
       4      0.66840596     0.00012903     0.05675013     0.03471879     0.00000000     0.00000000     0.00000000     0.00000000     0.00000000     0.00000000     0.00000000     0.00000000     0.00000000     0.00000000     1.00000000     0.00000000
       5      0.66826719     0.00016143     0.02761599     0.03808531     0.00000000     0.00000000     0.00000000     0.00000000     0.00000000     0.00000000     0.00000000     0.00000000     0.00000000     0.00000000     1.00000000     0.00000000
       6      0.66824557     0.00013597     0.03076107     0.03186735     0.00000000     0.00000000     0.00000000     0.00000000     0.00000000     0.00000000     0.00000000     0.00000000     0.00000000     0.00000000     1.00000000     0.00000000
       7      0.66806975     0.00020020     0.03647727     0.02782282     0.00000000     0.00000000     0.00000000     0.00000000     0.00000000     0.00000000     0.00000000     0.00000000     0.00000000     0.00000000     1.00000000     0.00000000
       8      0.66800376     0.00018573     0.05627748     0.03058954     0.00000000     0.00000000     0.00000000     0.00000000     0.00000000     0.00000000     0.00000000     0.00000000     0.00000000     0.00000000     1.00000000     0.00000000
       9      0.66800469     0.00016510     0.04942178     0.02794839     0.00000000     0.00000000     0.00000000     0.00000000     0.00000000     0.00000000     0.00000000     0.00000000     0.00000000     0.00000000     1.00000000     0.00000000
      10      0.66797711     0.00015087     0.05321871     0.02541016     0.00000000     0.00000000     0.00000000     0.00000000     0.00000000     0.00000000     0.00000000     0.00000000     0.00000000     0.00000000     1.00000000     0.00000000
      11      0.66807862     0.00016787     0.05327476     0.02310021     0.00000000     0.00000000     0.00000000     0.00000000     0.00000000     0.00000000     0.00000000     0.00000000     0.00000000     0.00000000     1.00000000     0.00000000
      12      0.66813757     0.00016390     0.05802196     0.02165748     0.00000000     0.00000000     0.00000000     0.00000000     0.00000000     0.00000000     0.00000000     0.00000000     0.00000000     0.00000000     1.00000000     0.00000000
      13      0.66810276     0.00015494     0.05979255     0.02006377     0.00000000     0.00000000     0.00000000     0.00000000     0.00000000     0.00000000     0.00000000     0.00000000     0.00000000     0.00000000     1.00000000     0.00000000
      14      0.66812324     0.00014522     0.06263750     0.01883126     0.00000000     0.00000000     0.00000000     0.00000000     0.00000000     0.00000000     0.00000000     0.00000000     0.00000000     0.00000000     1.00000000     0.00000000
      15      0.66825169     0.00018377     0.06709825     0.01809647     0.00000000     0.00000000     0.00000000     0.00000000     0.00000000     0.00000000     0.00000000     0.00000000     0.00000000     0.00000000     1.00000000     0.00000000
      16      0.66825784     0.00017239     0.05845468     0.01891740     0.00000000     0.00000000     0.00000000     0.00000000     0.00000000     0.00000000     0.00000000     0.00000000     0.00000000     0.00000000     1.00000000     0.00000000
      17      0.66830784     0.00016934     0.05812607     0.01780746     0.00000000     0.00000000     0.00000000     0.00000000     0.00000000     0.00000000     0.00000000     0.00000000     0.00000000     0.00000000     1.00000000     0.00000000
      18      0.66837235     0.00017179     0.05563215     0.01699190     0.00000000     0.00000000     0.00000000     0.00000000     0.00000000     0.00000000     0.00000000     0.00000000     0.00000000     0.00000000     1.00000000     0.00000000
      19      0.66844963     0.00017928     0.05621957     0.01610774     0.00000000     0.00000000     0.00000000     0.00000000     0.00000000     0.00000000     0.00000000     0.00000000     0.00000000     0.00000000     1.00000000     0.00000000
      20      0.66843012     0.00017138     0.05409255     0.01544215     0.00000000     0.00000000     0.00000000     0.00000000     0.00000000     0.00000000     0.00000000     0.00000000     0.00000000     0.00000000     1.00000000     0.00000000
  
  ==========================================
  RSSE: Resummation-based SSE
  Lattice:    8 x    8
  beta =    4.000
  N =    2.000
   Mode: RSSE local updates (uncolored loops)
  ==========================================
  
  RSSE Results for SU(N) Heisenberg
  Cut-off M :          489
  Bins completed :           20
  =========================================
  -E/N        :      0.66843012     0.00017138
   C/N        :      0.05409255     0.01544215
   <m**2>     :      0.00000000     0.00000000
   rhos_x     :      0.00000000     0.00000000
   rhos_y     :      0.00000000     0.00000000
   rhos_av    :      0.00000000     0.00000000
   X(0,0)     :      0.00000000     0.00000000
   <sign>     :      1.00000000     0.00000000
  =========================================
 # RSSE per-bin table
  cols: bin, -E/N,err, C/N,err, <m^2>,err, rhos_x,err, rhos_y,err, rhos_av,err, X(0,0),err
        <sign>_mean, <sign>_err
       1      0.66820156     0.00000000    -0.03033050     0.00000000     0.00000000     0.00000000     0.00000000     0.00000000     0.00000000     0.00000000     0.00000000     0.00000000     0.00000000     0.00000000     1.00000000     0.00000000
       2      0.66741426     0.00055671    -0.00705425     0.01645879     0.00000000     0.00000000     0.00000000     0.00000000     0.00000000     0.00000000     0.00000000     0.00000000     0.00000000     0.00000000     1.00000000     0.00000000
       3      0.66763919     0.00041409     0.03504847     0.03608540     0.00000000     0.00000000     0.00000000     0.00000000     0.00000000     0.00000000     0.00000000     0.00000000     0.00000000     0.00000000     1.00000000     0.00000000
       4      0.66776465     0.00032903     0.05616704     0.03266433     0.00000000     0.00000000     0.00000000     0.00000000     0.00000000     0.00000000     0.00000000     0.00000000     0.00000000     0.00000000     1.00000000     0.00000000
       5      0.66767141     0.00027612     0.04225724     0.02894200     0.00000000     0.00000000     0.00000000     0.00000000     0.00000000     0.00000000     0.00000000     0.00000000     0.00000000     0.00000000     1.00000000     0.00000000
       6      0.66787598     0.00029634     0.04256673     0.02411999     0.00000000     0.00000000     0.00000000     0.00000000     0.00000000     0.00000000     0.00000000     0.00000000     0.00000000     0.00000000     1.00000000     0.00000000
       7      0.66791590     0.00025668     0.03597486     0.02155622     0.00000000     0.00000000     0.00000000     0.00000000     0.00000000     0.00000000     0.00000000     0.00000000     0.00000000     0.00000000     1.00000000     0.00000000
       8      0.66786792     0.00022904     0.03111609     0.01940155     0.00000000     0.00000000     0.00000000     0.00000000     0.00000000     0.00000000     0.00000000     0.00000000     0.00000000     0.00000000     1.00000000     0.00000000
       9      0.66798971     0.00023374     0.03255541     0.01729913     0.00000000     0.00000000     0.00000000     0.00000000     0.00000000     0.00000000     0.00000000     0.00000000     0.00000000     0.00000000     1.00000000     0.00000000
      10      0.66819375     0.00028587     0.03476758     0.01571002     0.00000000     0.00000000     0.00000000     0.00000000     0.00000000     0.00000000     0.00000000     0.00000000     0.00000000     0.00000000     1.00000000     0.00000000
      11      0.66831580     0.00028475     0.04777814     0.01891711     0.00000000     0.00000000     0.00000000     0.00000000     0.00000000     0.00000000     0.00000000     0.00000000     0.00000000     0.00000000     1.00000000     0.00000000
      12      0.66828451     0.00026273     0.05919812     0.02049993     0.00000000     0.00000000     0.00000000     0.00000000     0.00000000     0.00000000     0.00000000     0.00000000     0.00000000     0.00000000     1.00000000     0.00000000
      13      0.66831187     0.00024394     0.06549904     0.01986777     0.00000000     0.00000000     0.00000000     0.00000000     0.00000000     0.00000000     0.00000000     0.00000000     0.00000000     0.00000000     1.00000000     0.00000000
      14      0.66838362     0.00023684     0.06375176     0.01852532     0.00000000     0.00000000     0.00000000     0.00000000     0.00000000     0.00000000     0.00000000     0.00000000     0.00000000     0.00000000     1.00000000     0.00000000
      15      0.66843951     0.00022755     0.06064320     0.01754917     0.00000000     0.00000000     0.00000000     0.00000000     0.00000000     0.00000000     0.00000000     0.00000000     0.00000000     0.00000000     1.00000000     0.00000000
      16      0.66842039     0.00021413     0.05939208     0.01649688     0.00000000     0.00000000     0.00000000     0.00000000     0.00000000     0.00000000     0.00000000     0.00000000     0.00000000     0.00000000     1.00000000     0.00000000
      17      0.66843745     0.00020221     0.06503164     0.01646224     0.00000000     0.00000000     0.00000000     0.00000000     0.00000000     0.00000000     0.00000000     0.00000000     0.00000000     0.00000000     1.00000000     0.00000000
      18      0.66839905     0.00019459     0.06631578     0.01559767     0.00000000     0.00000000     0.00000000     0.00000000     0.00000000     0.00000000     0.00000000     0.00000000     0.00000000     0.00000000     1.00000000     0.00000000
      19      0.66846723     0.00019593     0.06980805     0.01516266     0.00000000     0.00000000     0.00000000     0.00000000     0.00000000     0.00000000     0.00000000     0.00000000     0.00000000     0.00000000     1.00000000     0.00000000
      20      0.66841215     0.00019372     0.06719621     0.01462775     0.00000000     0.00000000     0.00000000     0.00000000     0.00000000     0.00000000     0.00000000     0.00000000     0.00000000     0.00000000     1.00000000     0.00000000
  
  ==========================================
  RSSE: Resummation-based SSE
  Lattice:    8 x    8
  beta =    4.000
  N =    2.000
   Mode: RSSE local updates (uncolored loops)
  ==========================================
  
  RSSE Results for SU(N) Heisenberg
  Cut-off M :          493
  Bins completed :           20
  =========================================
  -E/N        :      0.66841215     0.00019372
   C/N        :      0.06719621     0.01462775
   <m**2>     :      0.00000000     0.00000000
   rhos_x     :      0.00000000     0.00000000
   rhos_y     :      0.00000000     0.00000000
   rhos_av    :      0.00000000     0.00000000
   X(0,0)     :      0.00000000     0.00000000
   <sign>     :      1.00000000     0.00000000
  =========================================
 # RSSE per-bin table
  cols: bin, -E/N,err, C/N,err, <m^2>,err, rhos_x,err, rhos_y,err, rhos_av,err, X(0,0),err
        <sign>_mean, <sign>_err
       1      0.66765508     0.00000000     0.13196175     0.00000000     0.00000000     0.00000000     0.00000000     0.00000000     0.00000000     0.00000000     0.00000000     0.00000000     0.00000000     0.00000000     1.00000000     0.00000000
       2      0.66788359     0.00016158     0.08353754     0.03424109     0.00000000     0.00000000     0.00000000     0.00000000     0.00000000     0.00000000     0.00000000     0.00000000     0.00000000     0.00000000     1.00000000     0.00000000
       3      0.66806029     0.00018005     0.05996475     0.02985868     0.00000000     0.00000000     0.00000000     0.00000000     0.00000000     0.00000000     0.00000000     0.00000000     0.00000000     0.00000000     1.00000000     0.00000000
       4      0.66817080     0.00016551     0.05160380     0.02353552     0.00000000     0.00000000     0.00000000     0.00000000     0.00000000     0.00000000     0.00000000     0.00000000     0.00000000     0.00000000     1.00000000     0.00000000
       5      0.66836609     0.00021919     0.05606797     0.01924714     0.00000000     0.00000000     0.00000000     0.00000000     0.00000000     0.00000000     0.00000000     0.00000000     0.00000000     0.00000000     1.00000000     0.00000000
       6      0.66841380     0.00018778     0.02665657     0.03127486     0.00000000     0.00000000     0.00000000     0.00000000     0.00000000     0.00000000     0.00000000     0.00000000     0.00000000     0.00000000     1.00000000     0.00000000
       7      0.66839275     0.00016213     0.04498241     0.03172501     0.00000000     0.00000000     0.00000000     0.00000000     0.00000000     0.00000000     0.00000000     0.00000000     0.00000000     0.00000000     1.00000000     0.00000000
       8      0.66846040     0.00015534     0.04719426     0.02783638     0.00000000     0.00000000     0.00000000     0.00000000     0.00000000     0.00000000     0.00000000     0.00000000     0.00000000     0.00000000     1.00000000     0.00000000
       9      0.66851289     0.00014668     0.05744088     0.02656249     0.00000000     0.00000000     0.00000000     0.00000000     0.00000000     0.00000000     0.00000000     0.00000000     0.00000000     0.00000000     1.00000000     0.00000000
      10      0.66850695     0.00013213     0.05507617     0.02401127     0.00000000     0.00000000     0.00000000     0.00000000     0.00000000     0.00000000     0.00000000     0.00000000     0.00000000     0.00000000     1.00000000     0.00000000
      11      0.66844684     0.00013309     0.06181755     0.02275511     0.00000000     0.00000000     0.00000000     0.00000000     0.00000000     0.00000000     0.00000000     0.00000000     0.00000000     0.00000000     1.00000000     0.00000000
      12      0.66853984     0.00015104     0.05740366     0.02128263     0.00000000     0.00000000     0.00000000     0.00000000     0.00000000     0.00000000     0.00000000     0.00000000     0.00000000     0.00000000     1.00000000     0.00000000
      13      0.66848221     0.00015002     0.06256626     0.02026199     0.00000000     0.00000000     0.00000000     0.00000000     0.00000000     0.00000000     0.00000000     0.00000000     0.00000000     0.00000000     1.00000000     0.00000000
      14      0.66836004     0.00018238     0.06498198     0.01895816     0.00000000     0.00000000     0.00000000     0.00000000     0.00000000     0.00000000     0.00000000     0.00000000     0.00000000     0.00000000     1.00000000     0.00000000
      15      0.66826107     0.00019524     0.06753407     0.01786524     0.00000000     0.00000000     0.00000000     0.00000000     0.00000000     0.00000000     0.00000000     0.00000000     0.00000000     0.00000000     1.00000000     0.00000000
      16      0.66812903     0.00022327     0.06394780     0.01710483     0.00000000     0.00000000     0.00000000     0.00000000     0.00000000     0.00000000     0.00000000     0.00000000     0.00000000     0.00000000     1.00000000     0.00000000
      17      0.66812075     0.00021029     0.06737493     0.01643840     0.00000000     0.00000000     0.00000000     0.00000000     0.00000000     0.00000000     0.00000000     0.00000000     0.00000000     0.00000000     1.00000000     0.00000000
      18      0.66817582     0.00020569     0.06562609     0.01561791     0.00000000     0.00000000     0.00000000     0.00000000     0.00000000     0.00000000     0.00000000     0.00000000     0.00000000     0.00000000     1.00000000     0.00000000
      19      0.66809052     0.00021182     0.06273444     0.01506123     0.00000000     0.00000000     0.00000000     0.00000000     0.00000000     0.00000000     0.00000000     0.00000000     0.00000000     0.00000000     1.00000000     0.00000000
      20      0.66812143     0.00020347     0.06545188     0.01455125     0.00000000     0.00000000     0.00000000     0.00000000     0.00000000     0.00000000     0.00000000     0.00000000     0.00000000     0.00000000     1.00000000     0.00000000
  
  ==========================================
  RSSE: Resummation-based SSE
  Lattice:    8 x    8
  beta =    4.000
  N =    2.000
   Mode: RSSE local updates (uncolored loops)
  ==========================================
  
  RSSE Results for SU(N) Heisenberg
  Cut-off M :          501
  Bins completed :           20
  =========================================
  -E/N        :      0.66812143     0.00020347
   C/N        :      0.06545188     0.01455125
   <m**2>     :      0.00000000     0.00000000
   rhos_x     :      0.00000000     0.00000000
   rhos_y     :      0.00000000     0.00000000
   rhos_av    :      0.00000000     0.00000000
   X(0,0)     :      0.00000000     0.00000000
   <sign>     :      1.00000000     0.00000000
  =========================================
 # RSSE per-bin table
  cols: bin, -E/N,err, C/N,err, <m^2>,err, rhos_x,err, rhos_y,err, rhos_av,err, X(0,0),err
        <sign>_mean, <sign>_err
       1      0.67343320     0.00000000    -0.03689621     0.00000000     0.00000000     0.00000000     0.00000000     0.00000000     0.00000000     0.00000000     0.00000000     0.00000000     0.00000000     0.00000000     1.00000000     0.00000000
       2      0.67375222     0.00022558     0.21499170     0.17811165     0.00000000     0.00000000     0.00000000     0.00000000     0.00000000     0.00000000     0.00000000     0.00000000     0.00000000     0.00000000     1.00000000     0.00000000
       3      0.67346385     0.00027938     0.15175124     0.12948238     0.00000000     0.00000000     0.00000000     0.00000000     0.00000000     0.00000000     0.00000000     0.00000000     0.00000000     0.00000000     1.00000000     0.00000000
       4      0.67363397     0.00025615     0.18694942     0.10178351     0.00000000     0.00000000     0.00000000     0.00000000     0.00000000     0.00000000     0.00000000     0.00000000     0.00000000     0.00000000     1.00000000     0.00000000
       5      0.67356133     0.00021497     0.33049197     0.15203255     0.00000000     0.00000000     0.00000000     0.00000000     0.00000000     0.00000000     0.00000000     0.00000000     0.00000000     0.00000000     1.00000000     0.00000000
       6      0.67361556     0.00018586     0.28238185     0.13409003     0.00000000     0.00000000     0.00000000     0.00000000     0.00000000     0.00000000     0.00000000     0.00000000     0.00000000     0.00000000     1.00000000     0.00000000
       7      0.67354699     0.00017149     0.24193718     0.12088005     0.00000000     0.00000000     0.00000000     0.00000000     0.00000000     0.00000000     0.00000000     0.00000000     0.00000000     0.00000000     1.00000000     0.00000000
       8      0.67352737     0.00015117     0.14515720     0.13922237     0.00000000     0.00000000     0.00000000     0.00000000     0.00000000     0.00000000     0.00000000     0.00000000     0.00000000     0.00000000     1.00000000     0.00000000
       9      0.67349768     0.00013726     0.15283586     0.12396479     0.00000000     0.00000000     0.00000000     0.00000000     0.00000000     0.00000000     0.00000000     0.00000000     0.00000000     0.00000000     1.00000000     0.00000000
      10      0.67347195     0.00012592     0.05208050     0.14691483     0.00000000     0.00000000     0.00000000     0.00000000     0.00000000     0.00000000     0.00000000     0.00000000     0.00000000     0.00000000     1.00000000     0.00000000
      11      0.67351776     0.00012253     0.00350164     0.14136251     0.00000000     0.00000000     0.00000000     0.00000000     0.00000000     0.00000000     0.00000000     0.00000000     0.00000000     0.00000000     1.00000000     0.00000000
      12      0.67356306     0.00012040     0.03554746     0.13316504     0.00000000     0.00000000     0.00000000     0.00000000     0.00000000     0.00000000     0.00000000     0.00000000     0.00000000     0.00000000     1.00000000     0.00000000
      13      0.67352690     0.00011644     0.06028224     0.12519769     0.00000000     0.00000000     0.00000000     0.00000000     0.00000000     0.00000000     0.00000000     0.00000000     0.00000000     0.00000000     1.00000000     0.00000000
      14      0.67353106     0.00010819     0.09448808     0.12083745     0.00000000     0.00000000     0.00000000     0.00000000     0.00000000     0.00000000     0.00000000     0.00000000     0.00000000     0.00000000     1.00000000     0.00000000
      15      0.67352816     0.00010102     0.13403376     0.11907686     0.00000000     0.00000000     0.00000000     0.00000000     0.00000000     0.00000000     0.00000000     0.00000000     0.00000000     0.00000000     1.00000000     0.00000000
      16      0.67350986     0.00009635     0.08150388     0.12267518     0.00000000     0.00000000     0.00000000     0.00000000     0.00000000     0.00000000     0.00000000     0.00000000     0.00000000     0.00000000     1.00000000     0.00000000
      17      0.67353664     0.00009433     0.08901994     0.11568901     0.00000000     0.00000000     0.00000000     0.00000000     0.00000000     0.00000000     0.00000000     0.00000000     0.00000000     0.00000000     1.00000000     0.00000000
      18      0.67353894     0.00008912     0.10343181     0.11015586     0.00000000     0.00000000     0.00000000     0.00000000     0.00000000     0.00000000     0.00000000     0.00000000     0.00000000     0.00000000     1.00000000     0.00000000
      19      0.67357023     0.00008975     0.14140448     0.11070982     0.00000000     0.00000000     0.00000000     0.00000000     0.00000000     0.00000000     0.00000000     0.00000000     0.00000000     0.00000000     1.00000000     0.00000000
      20      0.67355768     0.00008614     0.08642350     0.11803983     0.00000000     0.00000000     0.00000000     0.00000000     0.00000000     0.00000000     0.00000000     0.00000000     0.00000000     0.00000000     1.00000000     0.00000000
  
  ==========================================
  RSSE: Resummation-based SSE
  Lattice:    8 x    8
  beta =   32.000
  N =    2.000
   Mode: RSSE local updates (uncolored loops)
  ==========================================
  
  RSSE Results for SU(N) Heisenberg
  Cut-off M :         3448
  Bins completed :           20
  =========================================
  -E/N        :      0.67355768     0.00008614
   C/N        :      0.08642350     0.11803983
   <m**2>     :      0.00000000     0.00000000
   rhos_x     :      0.00000000     0.00000000
   rhos_y     :      0.00000000     0.00000000
   rhos_av    :      0.00000000     0.00000000
   X(0,0)     :      0.00000000     0.00000000
   <sign>     :      1.00000000     0.00000000
  =========================================
 # RSSE per-bin table
  cols: bin, -E/N,err, C/N,err, <m^2>,err, rhos_x,err, rhos_y,err, rhos_av,err, X(0,0),err
        <sign>_mean, <sign>_err
       1      0.67346665     0.00000000    -0.95439651     0.00000000     0.00000000     0.00000000     0.00000000     0.00000000     0.00000000     0.00000000     0.00000000     0.00000000     0.00000000     0.00000000     1.00000000     0.00000000
       2      0.67352218     0.00003927     0.00132940     0.67580027     0.00000000     0.00000000     0.00000000     0.00000000     0.00000000     0.00000000     0.00000000     0.00000000     0.00000000     0.00000000     1.00000000     0.00000000
       3      0.67345160     0.00006330    -0.24861853     0.49460060     0.00000000     0.00000000     0.00000000     0.00000000     0.00000000     0.00000000     0.00000000     0.00000000     0.00000000     0.00000000     1.00000000     0.00000000
       4      0.67328865     0.00014888    -0.26246976     0.37114435     0.00000000     0.00000000     0.00000000     0.00000000     0.00000000     0.00000000     0.00000000     0.00000000     0.00000000     0.00000000     1.00000000     0.00000000
       5      0.67335899     0.00013470    -0.18602929     0.30468561     0.00000000     0.00000000     0.00000000     0.00000000     0.00000000     0.00000000     0.00000000     0.00000000     0.00000000     0.00000000     1.00000000     0.00000000
       6      0.67336870     0.00011260    -0.37923037     0.30914904     0.00000000     0.00000000     0.00000000     0.00000000     0.00000000     0.00000000     0.00000000     0.00000000     0.00000000     0.00000000     1.00000000     0.00000000
       7      0.67336537     0.00009656    -0.31238833     0.27211502     0.00000000     0.00000000     0.00000000     0.00000000     0.00000000     0.00000000     0.00000000     0.00000000     0.00000000     0.00000000     1.00000000     0.00000000
       8      0.67339674     0.00008945    -0.24930543     0.24530377     0.00000000     0.00000000     0.00000000     0.00000000     0.00000000     0.00000000     0.00000000     0.00000000     0.00000000     0.00000000     1.00000000     0.00000000
       9      0.67336659     0.00008444    -0.15980056     0.23380727     0.00000000     0.00000000     0.00000000     0.00000000     0.00000000     0.00000000     0.00000000     0.00000000     0.00000000     0.00000000     1.00000000     0.00000000
      10      0.67334984     0.00007764    -0.14227025     0.21108271     0.00000000     0.00000000     0.00000000     0.00000000     0.00000000     0.00000000     0.00000000     0.00000000     0.00000000     0.00000000     1.00000000     0.00000000
      11      0.67336579     0.00007220    -0.14129353     0.19189563     0.00000000     0.00000000     0.00000000     0.00000000     0.00000000     0.00000000     0.00000000     0.00000000     0.00000000     0.00000000     1.00000000     0.00000000
      12      0.67338597     0.00006894    -0.11552379     0.17762622     0.00000000     0.00000000     0.00000000     0.00000000     0.00000000     0.00000000     0.00000000     0.00000000     0.00000000     0.00000000     1.00000000     0.00000000
      13      0.67339115     0.00006384    -0.24432310     0.20541889     0.00000000     0.00000000     0.00000000     0.00000000     0.00000000     0.00000000     0.00000000     0.00000000     0.00000000     0.00000000     1.00000000     0.00000000
      14      0.67337701     0.00006082    -0.27036654     0.19238995     0.00000000     0.00000000     0.00000000     0.00000000     0.00000000     0.00000000     0.00000000     0.00000000     0.00000000     0.00000000     1.00000000     0.00000000
      15      0.67341068     0.00006543    -0.18758443     0.19656864     0.00000000     0.00000000     0.00000000     0.00000000     0.00000000     0.00000000     0.00000000     0.00000000     0.00000000     0.00000000     1.00000000     0.00000000
      16      0.67339862     0.00006244    -0.00227398     0.25720415     0.00000000     0.00000000     0.00000000     0.00000000     0.00000000     0.00000000     0.00000000     0.00000000     0.00000000     0.00000000     1.00000000     0.00000000
      17      0.67341885     0.00006196    -0.00725673     0.24212276     0.00000000     0.00000000     0.00000000     0.00000000     0.00000000     0.00000000     0.00000000     0.00000000     0.00000000     0.00000000     1.00000000     0.00000000
      18      0.67343230     0.00005996     0.00172659     0.22883808     0.00000000     0.00000000     0.00000000     0.00000000     0.00000000     0.00000000     0.00000000     0.00000000     0.00000000     0.00000000     1.00000000     0.00000000
      19      0.67344149     0.00005750     0.01225591     0.21703608     0.00000000     0.00000000     0.00000000     0.00000000     0.00000000     0.00000000     0.00000000     0.00000000     0.00000000     0.00000000     1.00000000     0.00000000
      20      0.67345019     0.00005528    -0.12423007     0.24537513     0.00000000     0.00000000     0.00000000     0.00000000     0.00000000     0.00000000     0.00000000     0.00000000     0.00000000     0.00000000     1.00000000     0.00000000
  
  ==========================================
  RSSE: Resummation-based SSE
  Lattice:    8 x    8
  beta =   64.000
  N =    2.000
   Mode: RSSE local updates (uncolored loops)
  ==========================================
  
  RSSE Results for SU(N) Heisenberg
  Cut-off M :         6782
  Bins completed :           20
  =========================================
  -E/N        :      0.67345019     0.00005528
   C/N        :     -0.12423007     0.24537513
   <m**2>     :      0.00000000     0.00000000
   rhos_x     :      0.00000000     0.00000000
   rhos_y     :      0.00000000     0.00000000
   rhos_av    :      0.00000000     0.00000000
   X(0,0)     :      0.00000000     0.00000000
   <sign>     :      1.00000000     0.00000000
  =========================================
 # RSSE per-bin table
  cols: bin, -E/N,err, C/N,err, <m^2>,err, rhos_x,err, rhos_y,err, rhos_av,err, X(0,0),err
        <sign>_mean, <sign>_err
       1      0.25497122     0.00000000     3.89787128     0.00000000     0.00000000     0.00000000     0.00000000     0.00000000     0.00000000     0.00000000     0.00000000     0.00000000     0.00000000     0.00000000     0.01274000     0.00000000
       2      0.26204129     0.00499930     1.94614742     1.38007718     0.00000000     0.00000000     0.00000000     0.00000000     0.00000000     0.00000000     0.00000000     0.00000000     0.00000000     0.00000000     0.01496000     0.00156978
       3      0.24871996     0.01137600     0.93814342     1.23445375     0.00000000     0.00000000     0.00000000     0.00000000     0.00000000     0.00000000     0.00000000     0.00000000     0.00000000     0.00000000     0.01457333     0.00109310
       4      0.24446619     0.00929333    -0.28581027     1.40738312     0.00000000     0.00000000     0.00000000     0.00000000     0.00000000     0.00000000     0.00000000     0.00000000     0.00000000     0.00000000     0.01507500     0.00092783
       5      0.24945658     0.00867164    -0.27761395     1.12593036     0.00000000     0.00000000     0.00000000     0.00000000     0.00000000     0.00000000     0.00000000     0.00000000     0.00000000     0.00000000     0.01501600     0.00074414
       6      0.25115611     0.00739104    -0.64967541     0.99785703     0.00000000     0.00000000     0.00000000     0.00000000     0.00000000     0.00000000     0.00000000     0.00000000     0.00000000     0.00000000     0.01501667     0.00062011
       7      0.24278506     0.01000991    -0.48690776     0.86847968     0.00000000     0.00000000     0.00000000     0.00000000     0.00000000     0.00000000     0.00000000     0.00000000     0.00000000     0.00000000     0.01396571     0.00110871
       8      0.25111725     0.01172440    -0.21962213     0.79999336     0.00000000     0.00000000     0.00000000     0.00000000     0.00000000     0.00000000     0.00000000     0.00000000     0.00000000     0.00000000     0.01449250     0.00108809
       9      0.25217111     0.01046895    -0.12494295     0.71668595     0.00000000     0.00000000     0.00000000     0.00000000     0.00000000     0.00000000     0.00000000     0.00000000     0.00000000     0.00000000     0.01450667     0.00096729
      10      0.25586556     0.01005282     0.07093784     0.67125237     0.00000000     0.00000000     0.00000000     0.00000000     0.00000000     0.00000000     0.00000000     0.00000000     0.00000000     0.00000000     0.01491800     0.00095402
      11      0.25577927     0.00913930     0.18893638     0.62051416     0.00000000     0.00000000     0.00000000     0.00000000     0.00000000     0.00000000     0.00000000     0.00000000     0.00000000     0.00000000     0.01504727     0.00087600
      12      0.24995331     0.01006474    -0.17049507     0.66480357     0.00000000     0.00000000     0.00000000     0.00000000     0.00000000     0.00000000     0.00000000     0.00000000     0.00000000     0.00000000     0.01480167     0.00083672
      13      0.25510802     0.01052811    -0.01384839     0.63185058     0.00000000     0.00000000     0.00000000     0.00000000     0.00000000     0.00000000     0.00000000     0.00000000     0.00000000     0.00000000     0.01521231     0.00086729
      14      0.25627498     0.00984056     0.27584635     0.64974381     0.00000000     0.00000000     0.00000000     0.00000000     0.00000000     0.00000000     0.00000000     0.00000000     0.00000000     0.00000000     0.01513714     0.00080859
      15      0.25583597     0.00919431     0.46158904     0.63241972     0.00000000     0.00000000     0.00000000     0.00000000     0.00000000     0.00000000     0.00000000     0.00000000     0.00000000     0.00000000     0.01498800     0.00076832
      16      0.25737920     0.00874822     0.51445663     0.59509914     0.00000000     0.00000000     0.00000000     0.00000000     0.00000000     0.00000000     0.00000000     0.00000000     0.00000000     0.00000000     0.01492000     0.00072330
      17      0.25585299     0.00836569     0.27618051     0.60592102     0.00000000     0.00000000     0.00000000     0.00000000     0.00000000     0.00000000     0.00000000     0.00000000     0.00000000     0.00000000     0.01504353     0.00069122
      18      0.25412218     0.00807799     0.20109766     0.57689194     0.00000000     0.00000000     0.00000000     0.00000000     0.00000000     0.00000000     0.00000000     0.00000000     0.00000000     0.00000000     0.01497556     0.00065616
      19      0.25948197     0.00926182     0.55231428     0.64463557     0.00000000     0.00000000     0.00000000     0.00000000     0.00000000     0.00000000     0.00000000     0.00000000     0.00000000     0.00000000     0.01505895     0.00062690
      20      0.26027409     0.00883253     0.74943501     0.64183499     0.00000000     0.00000000     0.00000000     0.00000000     0.00000000     0.00000000     0.00000000     0.00000000     0.00000000     0.00000000     0.01497400     0.00060128
  
  ==========================================
  RSSE: Resummation-based SSE
  Lattice:    3 x    1
  beta =   10.000
  N =    2.000
   Mode: RSSE local updates (uncolored loops)
  ==========================================
  
  RSSE Results for SU(N) Heisenberg
  Cut-off M :           57
  Bins completed :           20
  =========================================
  -E/N        :      0.26027409     0.00883253
   C/N        :      0.74943501     0.64183499
   <m**2>     :      0.00000000     0.00000000
   rhos_x     :      0.00000000     0.00000000
   rhos_y     :      0.00000000     0.00000000
   rhos_av    :      0.00000000     0.00000000
   X(0,0)     :      0.00000000     0.00000000
   <sign>     :      0.01497400     0.00060128
  =========================================
 # RSSE per-bin table
  cols: bin, -E/N,err, C/N,err, <m^2>,err, rhos_x,err, rhos_y,err, rhos_av,err, X(0,0),err
        <sign>_mean, <sign>_err
       1      0.27068966     0.00000000     7.68192628     0.00000000     0.00000000     0.00000000     0.00000000     0.00000000     0.00000000     0.00000000     0.00000000     0.00000000     0.00000000     0.00000000     0.01160000     0.00000000
       2      0.25513649     0.01099775    12.86635376     3.66594383     0.00000000     0.00000000     0.00000000     0.00000000     0.00000000     0.00000000     0.00000000     0.00000000     0.00000000     0.00000000     0.00980000     0.00127279
       3      0.20818623     0.03902957     0.96112927    10.02309998     0.00000000     0.00000000     0.00000000     0.00000000     0.00000000     0.00000000     0.00000000     0.00000000     0.00000000     0.00000000     0.00886667     0.00114050
       4     -0.17052699     0.32927897  -184.50331972   160.79274409     0.00000000     0.00000000     0.00000000     0.00000000     0.00000000     0.00000000     0.00000000     0.00000000     0.00000000     0.00000000     0.00690000     0.00190591
       5     -0.08276039     0.27487115  -147.25882795   132.87768032     0.00000000     0.00000000     0.00000000     0.00000000     0.00000000     0.00000000     0.00000000     0.00000000     0.00000000     0.00000000     0.00796000     0.00179546
       6     -0.03471992     0.23321964  -123.00630101   112.92297031     0.00000000     0.00000000     0.00000000     0.00000000     0.00000000     0.00000000     0.00000000     0.00000000     0.00000000     0.00000000     0.00916667     0.00185797
       7     -0.02288162     0.20020278  -107.72829916    97.81918225     0.00000000     0.00000000     0.00000000     0.00000000     0.00000000     0.00000000     0.00000000     0.00000000     0.00000000     0.00000000     0.00914286     0.00159269
       8      0.01592267     0.17889853   -93.98154754    86.55232580     0.00000000     0.00000000     0.00000000     0.00000000     0.00000000     0.00000000     0.00000000     0.00000000     0.00000000     0.00000000     0.01195000     0.00297274
       9      0.06154060     0.16473441   -83.54338076    77.56226570     0.00000000     0.00000000     0.00000000     0.00000000     0.00000000     0.00000000     0.00000000     0.00000000     0.00000000     0.00000000     0.01224444     0.00265698
      10      0.08904933     0.15054027   -74.21029854    70.36532442     0.00000000     0.00000000     0.00000000     0.00000000     0.00000000     0.00000000     0.00000000     0.00000000     0.00000000     0.00000000     0.01274000     0.00243706
      11      0.09050398     0.13686182   -68.67144457    64.18610386     0.00000000     0.00000000     0.00000000     0.00000000     0.00000000     0.00000000     0.00000000     0.00000000     0.00000000     0.00000000     0.01218182     0.00227853
      12      0.03178677     0.13747646   -86.77163812    61.33627780     0.00000000     0.00000000     0.00000000     0.00000000     0.00000000     0.00000000     0.00000000     0.00000000     0.00000000     0.00000000     0.01138333     0.00222417
      13      0.05775773     0.12933120   -80.04700540    56.98553949     0.00000000     0.00000000     0.00000000     0.00000000     0.00000000     0.00000000     0.00000000     0.00000000     0.00000000     0.00000000     0.01293846     0.00253920
      14      0.06897967     0.12057913   -74.31430946    53.20271453     0.00000000     0.00000000     0.00000000     0.00000000     0.00000000     0.00000000     0.00000000     0.00000000     0.00000000     0.00000000     0.01307143     0.00236130
      15      0.08968235     0.11430396   -68.98743167    49.92182925     0.00000000     0.00000000     0.00000000     0.00000000     0.00000000     0.00000000     0.00000000     0.00000000     0.00000000     0.00000000     0.01377333     0.00230585
      16      0.08725902     0.10718565   -67.13595996    46.83603549     0.00000000     0.00000000     0.00000000     0.00000000     0.00000000     0.00000000     0.00000000     0.00000000     0.00000000     0.00000000     0.01360000     0.00216824
      17      0.10476927     0.10230089   -62.92251730    44.27009283     0.00000000     0.00000000     0.00000000     0.00000000     0.00000000     0.00000000     0.00000000     0.00000000     0.00000000     0.00000000     0.01427059     0.00214188
      18      0.11658427     0.09729738   -59.29990027    41.95860062     0.00000000     0.00000000     0.00000000     0.00000000     0.00000000     0.00000000     0.00000000     0.00000000     0.00000000     0.00000000     0.01515556     0.00219812
      19      0.12258898     0.09236157   -56.38445170    39.85141291     0.00000000     0.00000000     0.00000000     0.00000000     0.00000000     0.00000000     0.00000000     0.00000000     0.00000000     0.00000000     0.01534737     0.00209078
      20      0.11132795     0.08842732   -56.58616632    37.85935277     0.00000000     0.00000000     0.00000000     0.00000000     0.00000000     0.00000000     0.00000000     0.00000000     0.00000000     0.00000000     0.01496000     0.00202181
  
  ==========================================
  RSSE: Resummation-based SSE
  Lattice:    3 x    1
  beta =   10.000
  N =    2.000
   Mode: RSSE local updates (uncolored loops)
  ==========================================
  
  RSSE Results for SU(N) Heisenberg
  Cut-off M :           57
  Bins completed :           20
  =========================================
  -E/N        :      0.11132795     0.08842732
   C/N        :    -56.58616632    37.85935277
   <m**2>     :      0.00000000     0.00000000
   rhos_x     :      0.00000000     0.00000000
   rhos_y     :      0.00000000     0.00000000
   rhos_av    :      0.00000000     0.00000000
   X(0,0)     :      0.00000000     0.00000000
   <sign>     :      0.01496000     0.00202181
  =========================================
 # RSSE per-bin table
  cols: bin, -E/N,err, C/N,err, <m^2>,err, rhos_x,err, rhos_y,err, rhos_av,err, X(0,0),err
        <sign>_mean, <sign>_err
       1      1.34641873     0.00000000  -370.51859504     0.00000000     0.00000000     0.00000000     0.00000000     0.00000000     0.00000000     0.00000000     0.00000000     0.00000000     0.00000000     0.00000000    -0.00220000     0.00000000
       2      0.75953313     0.41499079  -189.59747850   127.93054837     0.00000000     0.00000000     0.00000000     0.00000000     0.00000000     0.00000000     0.00000000     0.00000000     0.00000000     0.00000000     0.00270000     0.00346482
       3      0.64763037     0.29135751  -123.98632129   100.71623753     0.00000000     0.00000000     0.00000000     0.00000000     0.00000000     0.00000000     0.00000000     0.00000000     0.00000000     0.00000000     0.01026667     0.00659585
       4      0.56065690     0.23113516   -87.28850632    81.95067114     0.00000000     0.00000000     0.00000000     0.00000000     0.00000000     0.00000000     0.00000000     0.00000000     0.00000000     0.00000000     0.01000000     0.00495227
       5      0.36064674     0.25728247  -104.64830506    67.37413517     0.00000000     0.00000000     0.00000000     0.00000000     0.00000000     0.00000000     0.00000000     0.00000000     0.00000000     0.00000000     0.00840000     0.00421236
       6      0.35819888     0.21441370   -85.72818289    58.74166204     0.00000000     0.00000000     0.00000000     0.00000000     0.00000000     0.00000000     0.00000000     0.00000000     0.00000000     0.00000000     0.00970000     0.00370548
       7      0.35505551     0.18380621   -72.69929491    51.77474044     0.00000000     0.00000000     0.00000000     0.00000000     0.00000000     0.00000000     0.00000000     0.00000000     0.00000000     0.00000000     0.01217143     0.00391448
       8      0.41349454     0.16986660   -69.19293683    45.42147384     0.00000000     0.00000000     0.00000000     0.00000000     0.00000000     0.00000000     0.00000000     0.00000000     0.00000000     0.00000000     0.01017500     0.00390119
       9      0.31488115     0.17732127   -90.65605156    45.16184332     0.00000000     0.00000000     0.00000000     0.00000000     0.00000000     0.00000000     0.00000000     0.00000000     0.00000000     0.00000000     0.00935556     0.00355275
      10      0.30878265     0.15969398   -81.46679108    41.57003550     0.00000000     0.00000000     0.00000000     0.00000000     0.00000000     0.00000000     0.00000000     0.00000000     0.00000000     0.00000000     0.01052000     0.00338292
      11      0.25076922     0.15535691   -88.05934487    38.31012850     0.00000000     0.00000000     0.00000000     0.00000000     0.00000000     0.00000000     0.00000000     0.00000000     0.00000000     0.00000000     0.00994545     0.00312379
      12      0.24848289     0.14242732   -79.73841058    36.00993193     0.00000000     0.00000000     0.00000000     0.00000000     0.00000000     0.00000000     0.00000000     0.00000000     0.00000000     0.00000000     0.00953333     0.00289053
      13      0.26188631     0.13210055   -72.72622515    33.91580461     0.00000000     0.00000000     0.00000000     0.00000000     0.00000000     0.00000000     0.00000000     0.00000000     0.00000000     0.00000000     0.00849231     0.00284949
      14     -0.25194973     0.51011275 -1444.27554240  1322.03315903     0.00000000     0.00000000     0.00000000     0.00000000     0.00000000     0.00000000     0.00000000     0.00000000     0.00000000     0.00000000     0.00790000     0.00270681
      15     -0.19054028     0.47978735 -1349.65038278  1237.27940148     0.00000000     0.00000000     0.00000000     0.00000000     0.00000000     0.00000000     0.00000000     0.00000000     0.00000000     0.00000000     0.00689333     0.00270708
      16     -0.16477419     0.45049197 -1265.31920145  1162.81983327     0.00000000     0.00000000     0.00000000     0.00000000     0.00000000     0.00000000     0.00000000     0.00000000     0.00000000     0.00000000     0.00702500     0.00254109
      17     -0.13788173     0.42479437 -1190.69639326  1096.81047532     0.00000000     0.00000000     0.00000000     0.00000000     0.00000000     0.00000000     0.00000000     0.00000000     0.00000000     0.00000000     0.00795294     0.00255544
      18     -0.14411052     0.40124035 -1124.54659364  1037.86942522     0.00000000     0.00000000     0.00000000     0.00000000     0.00000000     0.00000000     0.00000000     0.00000000     0.00000000     0.00000000     0.00751111     0.00245137
      19     -0.11952431     0.38087496 -1065.28088876   984.93539691     0.00000000     0.00000000     0.00000000     0.00000000     0.00000000     0.00000000     0.00000000     0.00000000     0.00000000     0.00000000     0.00828421     0.00244121
      20     -0.10771195     0.36201433 -1013.03862215   937.07310201     0.00000000     0.00000000     0.00000000     0.00000000     0.00000000     0.00000000     0.00000000     0.00000000     0.00000000     0.00000000     0.00841000     0.00232239
  
  ==========================================
  RSSE: Resummation-based SSE
  Lattice:    3 x    1
  beta =   11.000
  N =    2.000
   Mode: RSSE local updates (uncolored loops)
  ==========================================
  
  RSSE Results for SU(N) Heisenberg
  Cut-off M :           60
  Bins completed :           20
  =========================================
  -E/N        :     -0.10771195     0.36201433
   C/N        :  -1013.03862215   937.07310201
   <m**2>     :      0.00000000     0.00000000
   rhos_x     :      0.00000000     0.00000000
   rhos_y     :      0.00000000     0.00000000
   rhos_av    :      0.00000000     0.00000000
   X(0,0)     :      0.00000000     0.00000000
   <sign>     :      0.00841000     0.00232239
  =========================================
 # RSSE per-bin table
  cols: bin, -E/N,err, C/N,err, <m^2>,err, rhos_x,err, rhos_y,err, rhos_av,err, X(0,0),err
        <sign>_mean, <sign>_err
       1      0.29050711     0.00000000    20.51492434     0.00000000     0.00000000     0.00000000     0.00000000     0.00000000     0.00000000     0.00000000     0.00000000     0.00000000     0.00000000     0.00000000     0.00980000     0.00000000
       2      0.22135548     0.04889758    17.72991396     1.96929972     0.00000000     0.00000000     0.00000000     0.00000000     0.00000000     0.00000000     0.00000000     0.00000000     0.00000000     0.00000000     0.00710000     0.00190919
       3      0.25505320     0.04265769    10.98209161     5.66383463     0.00000000     0.00000000     0.00000000     0.00000000     0.00000000     0.00000000     0.00000000     0.00000000     0.00000000     0.00000000     0.01053333     0.00307872
       4      0.27756936     0.03746735    -4.48726103    14.05418455     0.00000000     0.00000000     0.00000000     0.00000000     0.00000000     0.00000000     0.00000000     0.00000000     0.00000000     0.00000000     0.00700000     0.00383341
       5      0.45624521     0.16259914   -53.92103125    45.62204486     0.00000000     0.00000000     0.00000000     0.00000000     0.00000000     0.00000000     0.00000000     0.00000000     0.00000000     0.00000000     0.00468000     0.00370280
       6      0.43688415     0.13664711   -44.47932574    38.98313329     0.00000000     0.00000000     0.00000000     0.00000000     0.00000000     0.00000000     0.00000000     0.00000000     0.00000000     0.00000000     0.00633333     0.00343500
       7      0.40697349     0.12035515   -41.64950681    33.51666636     0.00000000     0.00000000     0.00000000     0.00000000     0.00000000     0.00000000     0.00000000     0.00000000     0.00000000     0.00000000     0.00725714     0.00306600
       8      0.42152880     0.10618724   -32.56833998    30.53255547     0.00000000     0.00000000     0.00000000     0.00000000     0.00000000     0.00000000     0.00000000     0.00000000     0.00000000     0.00000000     0.00690000     0.00270347
       9      0.46629456     0.10339502   -36.45733290    27.38660381     0.00000000     0.00000000     0.00000000     0.00000000     0.00000000     0.00000000     0.00000000     0.00000000     0.00000000     0.00000000     0.00537778     0.00279902
      10      0.45579971     0.09358663   -32.28780747    24.96332436     0.00000000     0.00000000     0.00000000     0.00000000     0.00000000     0.00000000     0.00000000     0.00000000     0.00000000     0.00000000     0.00570000     0.00253760
      11      0.48484087     0.08947129   -31.64758591    22.70213947     0.00000000     0.00000000     0.00000000     0.00000000     0.00000000     0.00000000     0.00000000     0.00000000     0.00000000     0.00000000     0.00474545     0.00247995
      12      0.48334439     0.08202786   -31.56910795    20.81043016     0.00000000     0.00000000     0.00000000     0.00000000     0.00000000     0.00000000     0.00000000     0.00000000     0.00000000     0.00000000     0.00376667     0.00245887
      13      0.47260852     0.07641736   -29.05677705    19.36068399     0.00000000     0.00000000     0.00000000     0.00000000     0.00000000     0.00000000     0.00000000     0.00000000     0.00000000     0.00000000     0.00607692     0.00317464
      14      0.46215975     0.07166976   -26.63278944    18.12888644     0.00000000     0.00000000     0.00000000     0.00000000     0.00000000     0.00000000     0.00000000     0.00000000     0.00000000     0.00000000     0.00678571     0.00302597
      15      0.45847168     0.06698660   -23.84879681    17.13272473     0.00000000     0.00000000     0.00000000     0.00000000     0.00000000     0.00000000     0.00000000     0.00000000     0.00000000     0.00000000     0.00682667     0.00282452
      16      0.47072629     0.06391105   -24.16010465    16.06475747     0.00000000     0.00000000     0.00000000     0.00000000     0.00000000     0.00000000     0.00000000     0.00000000     0.00000000     0.00000000     0.00565000     0.00288268
      17      0.46349785     0.06055897   -23.12454481    15.15311190     0.00000000     0.00000000     0.00000000     0.00000000     0.00000000     0.00000000     0.00000000     0.00000000     0.00000000     0.00000000     0.00670588     0.00290005
      18      0.45175711     0.05832158   -27.44377834    14.91414974     0.00000000     0.00000000     0.00000000     0.00000000     0.00000000     0.00000000     0.00000000     0.00000000     0.00000000     0.00000000     0.00625556     0.00277368
      19      0.43525314     0.05753982   -27.10000229    14.13315601     0.00000000     0.00000000     0.00000000     0.00000000     0.00000000     0.00000000     0.00000000     0.00000000     0.00000000     0.00000000     0.00645263     0.00263469
      20      0.41365715     0.05857553   -26.97382884    13.42706140     0.00000000     0.00000000     0.00000000     0.00000000     0.00000000     0.00000000     0.00000000     0.00000000     0.00000000     0.00000000     0.00638000     0.00250395
  
  ==========================================
  RSSE: Resummation-based SSE
  Lattice:    3 x    1
  beta =   11.000
  N =    2.000
   Mode: RSSE local updates (uncolored loops)
  ==========================================
  
  RSSE Results for SU(N) Heisenberg
  Cut-off M :           58
  Bins completed :           20
  =========================================
  -E/N        :      0.41365715     0.05857553
   C/N        :    -26.97382884    13.42706140
   <m**2>     :      0.00000000     0.00000000
   rhos_x     :      0.00000000     0.00000000
   rhos_y     :      0.00000000     0.00000000
   rhos_av    :      0.00000000     0.00000000
   X(0,0)     :      0.00000000     0.00000000
   <sign>     :      0.00638000     0.00250395
  =========================================
 # RSSE per-bin table
  cols: bin, -E/N,err, C/N,err, <m^2>,err, rhos_x,err, rhos_y,err, rhos_av,err, X(0,0),err
        <sign>_mean, <sign>_err
       1      0.33358586     0.00000000     5.43886574     0.00000000     0.00000000     0.00000000     0.00000000     0.00000000     0.00000000     0.00000000     0.00000000     0.00000000     0.00000000     0.00000000     0.01200000     0.00000000
       2      0.39690657     0.04477450     1.39817998     2.85719630     0.00000000     0.00000000     0.00000000     0.00000000     0.00000000     0.00000000     0.00000000     0.00000000     0.00000000     0.00000000     0.01320000     0.00084853
       3      0.41624172     0.03376736    -0.12838015     2.27636645     0.00000000     0.00000000     0.00000000     0.00000000     0.00000000     0.00000000     0.00000000     0.00000000     0.00000000     0.00000000     0.01706667     0.00320740
       4      0.34790490     0.06437253    -3.19695891     3.15862614     0.00000000     0.00000000     0.00000000     0.00000000     0.00000000     0.00000000     0.00000000     0.00000000     0.00000000     0.00000000     0.01425000     0.00342591
       5      0.39519261     0.06664044    -4.55430787     2.80341670     0.00000000     0.00000000     0.00000000     0.00000000     0.00000000     0.00000000     0.00000000     0.00000000     0.00000000     0.00000000     0.01260000     0.00311281
       6      0.30239115     0.10129537   -12.20304977     7.36277463     0.00000000     0.00000000     0.00000000     0.00000000     0.00000000     0.00000000     0.00000000     0.00000000     0.00000000     0.00000000     0.01090000     0.00302278
       7      0.34678711     0.09606217   -10.57658405     6.48810941     0.00000000     0.00000000     0.00000000     0.00000000     0.00000000     0.00000000     0.00000000     0.00000000     0.00000000     0.00000000     0.00842857     0.00345665
       8      0.24491599     0.12706554   -52.46451104    39.59170419     0.00000000     0.00000000     0.00000000     0.00000000     0.00000000     0.00000000     0.00000000     0.00000000     0.00000000     0.00000000     0.00762500     0.00311658
       9      0.24081888     0.11301318   -44.26951715    36.03077648     0.00000000     0.00000000     0.00000000     0.00000000     0.00000000     0.00000000     0.00000000     0.00000000     0.00000000     0.00000000     0.00735556     0.00278191
      10      0.25807898     0.10302147   -40.10247190    32.66777451     0.00000000     0.00000000     0.00000000     0.00000000     0.00000000     0.00000000     0.00000000     0.00000000     0.00000000     0.00000000     0.00606000     0.00278913
      11      0.31703232     0.10922896   -48.37538331    30.72765816     0.00000000     0.00000000     0.00000000     0.00000000     0.00000000     0.00000000     0.00000000     0.00000000     0.00000000     0.00000000     0.00512727     0.00268701
      12      0.33768844     0.10206098   -44.08616776    28.46480757     0.00000000     0.00000000     0.00000000     0.00000000     0.00000000     0.00000000     0.00000000     0.00000000     0.00000000     0.00000000     0.00408333     0.00265816
      13      0.32349986     0.09519128   -42.15479707    26.34064838     0.00000000     0.00000000     0.00000000     0.00000000     0.00000000     0.00000000     0.00000000     0.00000000     0.00000000     0.00000000     0.00444615     0.00247832
      14      0.33362686     0.08892896   -40.70897864    24.49882131     0.00000000     0.00000000     0.00000000     0.00000000     0.00000000     0.00000000     0.00000000     0.00000000     0.00000000     0.00000000     0.00378571     0.00238768
      15      0.29246510     0.09203476   -41.88765028    22.89390275     0.00000000     0.00000000     0.00000000     0.00000000     0.00000000     0.00000000     0.00000000     0.00000000     0.00000000     0.00000000     0.00370667     0.00222981
      16      0.06348527     0.23790641  -339.23842214   288.70755229     0.00000000     0.00000000     0.00000000     0.00000000     0.00000000     0.00000000     0.00000000     0.00000000     0.00000000     0.00000000     0.00350000     0.00210000
      17      0.07433294     0.22415909  -319.19045047   272.41993554     0.00000000     0.00000000     0.00000000     0.00000000     0.00000000     0.00000000     0.00000000     0.00000000     0.00000000     0.00000000     0.00371765     0.00198772
      18      0.09113232     0.21233438  -301.65368634   257.84933278     0.00000000     0.00000000     0.00000000     0.00000000     0.00000000     0.00000000     0.00000000     0.00000000     0.00000000     0.00000000     0.00277778     0.00208770
      19      0.06171467     0.20318649  -299.46419682   244.28761096     0.00000000     0.00000000     0.00000000     0.00000000     0.00000000     0.00000000     0.00000000     0.00000000     0.00000000     0.00000000     0.00254737     0.00199049
      20      0.07551059     0.19349495  -284.57845654   232.52632168     0.00000000     0.00000000     0.00000000     0.00000000     0.00000000     0.00000000     0.00000000     0.00000000     0.00000000     0.00000000     0.00316000     0.00198301
  
  ==========================================
  RSSE: Resummation-based SSE
  Lattice:    3 x    1
  beta =   11.000
  N =    2.000
   Mode: RSSE local updates (uncolored loops)
  ==========================================
  
  RSSE Results for SU(N) Heisenberg
  Cut-off M :           60
  Bins completed :           20
  =========================================
  -E/N        :      0.07551059     0.19349495
   C/N        :   -284.57845654   232.52632168
   <m**2>     :      0.00000000     0.00000000
   rhos_x     :      0.00000000     0.00000000
   rhos_y     :      0.00000000     0.00000000
   rhos_av    :      0.00000000     0.00000000
   X(0,0)     :      0.00000000     0.00000000
   <sign>     :      0.00316000     0.00198301
  =========================================
 # RSSE per-bin table
  cols: bin, -E/N,err, C/N,err, <m^2>,err, rhos_x,err, rhos_y,err, rhos_av,err, X(0,0),err
        <sign>_mean, <sign>_err
       1     -0.25000000     0.00000000     0.00000000     0.00000000     0.00000000     0.00000000     0.00000000     0.00000000     0.00000000     0.00000000     0.00000000     0.00000000     0.00000000     0.00000000     0.00000000     0.00000000
       2      0.13699495     0.27364675    10.85734954     7.67730548     0.00000000     0.00000000     0.00000000     0.00000000     0.00000000     0.00000000     0.00000000     0.00000000     0.00000000     0.00000000     0.00480000     0.00339411
       3      0.11682299     0.18317315     0.33307744    10.00181037     0.00000000     0.00000000     0.00000000     0.00000000     0.00000000     0.00000000     0.00000000     0.00000000     0.00000000     0.00000000     0.00600000     0.00246577
       4      0.17317679     0.14579108     0.55849281     7.50389749     0.00000000     0.00000000     0.00000000     0.00000000     0.00000000     0.00000000     0.00000000     0.00000000     0.00000000     0.00000000     0.00165000     0.00419665
       5      0.21482348     0.12243685     3.79885909     6.66613866     0.00000000     0.00000000     0.00000000     0.00000000     0.00000000     0.00000000     0.00000000     0.00000000     0.00000000     0.00000000     0.00340000     0.00370427
       6      0.09644381     0.14862163   -70.99039520    68.49856281     0.00000000     0.00000000     0.00000000     0.00000000     0.00000000     0.00000000     0.00000000     0.00000000     0.00000000     0.00000000     0.00266667     0.00315864
       7      0.28576858     0.21668299  -105.08832817    66.66180426     0.00000000     0.00000000     0.00000000     0.00000000     0.00000000     0.00000000     0.00000000     0.00000000     0.00000000     0.00000000     0.00202857     0.00277111
       8      0.25667629     0.19154065   -94.72051631    59.12982756     0.00000000     0.00000000     0.00000000     0.00000000     0.00000000     0.00000000     0.00000000     0.00000000     0.00000000     0.00000000     0.00217500     0.00242859
       9      0.28642457     0.17255301   -93.06341276    52.58306162     0.00000000     0.00000000     0.00000000     0.00000000     0.00000000     0.00000000     0.00000000     0.00000000     0.00000000     0.00000000     0.00173333     0.00219854
      10      0.28858514     0.15531123   -83.92847899    48.11169081     0.00000000     0.00000000     0.00000000     0.00000000     0.00000000     0.00000000     0.00000000     0.00000000     0.00000000     0.00000000     0.00356000     0.00263025
      11      0.30406333     0.14196120   -74.75454063    44.60396947     0.00000000     0.00000000     0.00000000     0.00000000     0.00000000     0.00000000     0.00000000     0.00000000     0.00000000     0.00000000     0.00390909     0.00241420
      12      0.30911306     0.13022089   -69.18826865    41.23282571     0.00000000     0.00000000     0.00000000     0.00000000     0.00000000     0.00000000     0.00000000     0.00000000     0.00000000     0.00000000     0.00481667     0.00237749
      13      0.30208451     0.12039342   -63.68733403    38.42626196     0.00000000     0.00000000     0.00000000     0.00000000     0.00000000     0.00000000     0.00000000     0.00000000     0.00000000     0.00000000     0.00492308     0.00219699
      14      0.30332241     0.11180026   -58.77770924    35.99380753     0.00000000     0.00000000     0.00000000     0.00000000     0.00000000     0.00000000     0.00000000     0.00000000     0.00000000     0.00000000     0.00518571     0.00205570
      15      0.32128273     0.10577970   -54.60413973    33.83532295     0.00000000     0.00000000     0.00000000     0.00000000     0.00000000     0.00000000     0.00000000     0.00000000     0.00000000     0.00000000     0.00510667     0.00192017
      16      0.32172710     0.09916940   -52.19561462    31.80622366     0.00000000     0.00000000     0.00000000     0.00000000     0.00000000     0.00000000     0.00000000     0.00000000     0.00000000     0.00000000     0.00536250     0.00181713
      17      0.32047132     0.09334386   -47.59001780    30.26688182     0.00000000     0.00000000     0.00000000     0.00000000     0.00000000     0.00000000     0.00000000     0.00000000     0.00000000     0.00000000     0.00551765     0.00171685
      18      0.32231623     0.08817632   -44.64439040    28.72836769     0.00000000     0.00000000     0.00000000     0.00000000     0.00000000     0.00000000     0.00000000     0.00000000     0.00000000     0.00000000     0.00598889     0.00168490
      19      0.30176370     0.08589731   -44.80116924    27.21677613     0.00000000     0.00000000     0.00000000     0.00000000     0.00000000     0.00000000     0.00000000     0.00000000     0.00000000     0.00000000     0.00591579     0.00159780
      20      0.33095762     0.08642123   -47.60536626    25.99999692     0.00000000     0.00000000     0.00000000     0.00000000     0.00000000     0.00000000     0.00000000     0.00000000     0.00000000     0.00000000     0.00541000     0.00159596
      21      0.33595475     0.08245029   -46.28012364    24.79565321     0.00000000     0.00000000     0.00000000     0.00000000     0.00000000     0.00000000     0.00000000     0.00000000     0.00000000     0.00000000     0.00540000     0.00152000
      22      0.33169353     0.07881258   -44.17997268    23.75735125     0.00000000     0.00000000     0.00000000     0.00000000     0.00000000     0.00000000     0.00000000     0.00000000     0.00000000     0.00000000     0.00547273     0.00145264
      23      0.32652977     0.07555492   -42.61543972    22.77588059     0.00000000     0.00000000     0.00000000     0.00000000     0.00000000     0.00000000     0.00000000     0.00000000     0.00000000     0.00000000     0.00564348     0.00139948
      24      0.33134224     0.07255990   -40.20278638    21.95430008     0.00000000     0.00000000     0.00000000     0.00000000     0.00000000     0.00000000     0.00000000     0.00000000     0.00000000     0.00000000     0.00502500     0.00147150
      25      0.32939336     0.06968368   -38.73510584    21.12512953     0.00000000     0.00000000     0.00000000     0.00000000     0.00000000     0.00000000     0.00000000     0.00000000     0.00000000     0.00000000     0.00550400     0.00148856
      26      0.32390499     0.06721932   -37.95241188    20.32711893     0.00000000     0.00000000     0.00000000     0.00000000     0.00000000     0.00000000     0.00000000     0.00000000     0.00000000     0.00000000     0.00585385     0.00147185
      27      0.37872749     0.08416726   -61.98472366    30.64821289     0.00000000     0.00000000     0.00000000     0.00000000     0.00000000     0.00000000     0.00000000     0.00000000     0.00000000     0.00000000     0.00553333     0.00145181
      28      0.37146673     0.08147386   -60.35693919    29.59682964     0.00000000     0.00000000     0.00000000     0.00000000     0.00000000     0.00000000     0.00000000     0.00000000     0.00000000     0.00000000     0.00579286     0.00142297
      29      0.41671657     0.09036058   -81.37664423    35.25896448     0.00000000     0.00000000     0.00000000     0.00000000     0.00000000     0.00000000     0.00000000     0.00000000     0.00000000     0.00000000     0.00553793     0.00139655
      30      0.40088352     0.08872486   -80.91784107    34.08665060     0.00000000     0.00000000     0.00000000     0.00000000     0.00000000     0.00000000     0.00000000     0.00000000     0.00000000     0.00000000     0.00552667     0.00135004
      31      0.40088217     0.08586276   -77.99749786    33.11194380     0.00000000     0.00000000     0.00000000     0.00000000     0.00000000     0.00000000     0.00000000     0.00000000     0.00000000     0.00000000     0.00592903     0.00136514
      32      0.39457567     0.08341083   -76.63188555    32.10534370     0.00000000     0.00000000     0.00000000     0.00000000     0.00000000     0.00000000     0.00000000     0.00000000     0.00000000     0.00000000     0.00551875     0.00138276
      33      0.39481407     0.08088357   -74.08228933    31.23352655     0.00000000     0.00000000     0.00000000     0.00000000     0.00000000     0.00000000     0.00000000     0.00000000     0.00000000     0.00000000     0.00594545     0.00140515
      34      0.39007115     0.07864358   -71.94837090    30.38770213     0.00000000     0.00000000     0.00000000     0.00000000     0.00000000     0.00000000     0.00000000     0.00000000     0.00000000     0.00000000     0.00625294     0.00139706
      35      0.38109077     0.07690765   -71.08972697    29.53161063     0.00000000     0.00000000     0.00000000     0.00000000     0.00000000     0.00000000     0.00000000     0.00000000     0.00000000     0.00000000     0.00644000     0.00136961
      36      0.37850154     0.07481490   -69.28627817    28.76630229     0.00000000     0.00000000     0.00000000     0.00000000     0.00000000     0.00000000     0.00000000     0.00000000     0.00000000     0.00000000     0.00668333     0.00135301
      37      0.37323303     0.07297815   -68.03199259    28.01616637     0.00000000     0.00000000     0.00000000     0.00000000     0.00000000     0.00000000     0.00000000     0.00000000     0.00000000     0.00000000     0.00685405     0.00132717
      38      0.37395609     0.07106125   -66.15359063    27.34179700     0.00000000     0.00000000     0.00000000     0.00000000     0.00000000     0.00000000     0.00000000     0.00000000     0.00000000     0.00000000     0.00716842     0.00132896
      39      0.37278392     0.06924884   -64.71199091    26.67870248     0.00000000     0.00000000     0.00000000     0.00000000     0.00000000     0.00000000     0.00000000     0.00000000     0.00000000     0.00000000     0.00729744     0.00130113
      40      0.37729007     0.06766407   -68.78794113    26.32125357     0.00000000     0.00000000     0.00000000     0.00000000     0.00000000     0.00000000     0.00000000     0.00000000     0.00000000     0.00000000     0.00709500     0.00128425
      41      0.37652295     0.06601807   -67.02726413    25.73809187     0.00000000     0.00000000     0.00000000     0.00000000     0.00000000     0.00000000     0.00000000     0.00000000     0.00000000     0.00000000     0.00732683     0.00127368
      42      0.37054986     0.06471586   -65.34778639    25.18001569     0.00000000     0.00000000     0.00000000     0.00000000     0.00000000     0.00000000     0.00000000     0.00000000     0.00000000     0.00000000     0.00729048     0.00124387
      43      0.36439190     0.06350314   -64.20564873    24.62032335     0.00000000     0.00000000     0.00000000     0.00000000     0.00000000     0.00000000     0.00000000     0.00000000     0.00000000     0.00000000     0.00723721     0.00121609
      44      0.35277269     0.06311393   -65.21852745    24.08159642     0.00000000     0.00000000     0.00000000     0.00000000     0.00000000     0.00000000     0.00000000     0.00000000     0.00000000     0.00000000     0.00719091     0.00118933
      45      0.36715552     0.06332902   -66.22376388    23.56742125     0.00000000     0.00000000     0.00000000     0.00000000     0.00000000     0.00000000     0.00000000     0.00000000     0.00000000     0.00000000     0.00698667     0.00118031
      46      0.36329880     0.06206963   -64.75652260    23.10071401     0.00000000     0.00000000     0.00000000     0.00000000     0.00000000     0.00000000     0.00000000     0.00000000     0.00000000     0.00000000     0.00702174     0.00115517
      47      0.36143288     0.06077704   -63.71192265    22.63281522     0.00000000     0.00000000     0.00000000     0.00000000     0.00000000     0.00000000     0.00000000     0.00000000     0.00000000     0.00000000     0.00699574     0.00113088
      48      0.79471743     0.43285781 -3315.51827149  3217.83139589     0.00000000     0.00000000     0.00000000     0.00000000     0.00000000     0.00000000     0.00000000     0.00000000     0.00000000     0.00000000     0.00684583     0.00111721
      49      0.78615692     0.42410861 -3248.03952369  3152.86881133     0.00000000     0.00000000     0.00000000     0.00000000     0.00000000     0.00000000     0.00000000     0.00000000     0.00000000     0.00000000     0.00688980     0.00109528
      50      0.77415672     0.41579618 -3183.06671451  3090.48082684     0.00000000     0.00000000     0.00000000     0.00000000     0.00000000     0.00000000     0.00000000     0.00000000     0.00000000     0.00000000     0.00703200     0.00108257
      51      0.63791360     0.42938479 -3418.82521031  3038.86232145     0.00000000     0.00000000     0.00000000     0.00000000     0.00000000     0.00000000     0.00000000     0.00000000     0.00000000     0.00000000     0.00690196     0.00106912
      52      0.64910174     0.42127312 -3356.40389216  2981.06369112     0.00000000     0.00000000     0.00000000     0.00000000     0.00000000     0.00000000     0.00000000     0.00000000     0.00000000     0.00000000     0.00671538     0.00106472
      53      0.64730007     0.41332842 -3293.14083121  2925.48840233     0.00000000     0.00000000     0.00000000     0.00000000     0.00000000     0.00000000     0.00000000     0.00000000     0.00000000     0.00000000     0.00678491     0.00104689
      54      0.64102491     0.40572183 -3234.49649987  2871.90042306     0.00000000     0.00000000     0.00000000     0.00000000     0.00000000     0.00000000     0.00000000     0.00000000     0.00000000     0.00000000     0.00663333     0.00103842
      55      0.62990408     0.39849745 -3176.63425391  2820.26688767     0.00000000     0.00000000     0.00000000     0.00000000     0.00000000     0.00000000     0.00000000     0.00000000     0.00000000     0.00000000     0.00681091     0.00103461
      56      0.62310075     0.39143949 -3120.14589473  2770.47063623     0.00000000     0.00000000     0.00000000     0.00000000     0.00000000     0.00000000     0.00000000     0.00000000     0.00000000     0.00000000     0.00673929     0.00101861
      57      0.61358962     0.38468767 -3066.28500098  2722.38939439     0.00000000     0.00000000     0.00000000     0.00000000     0.00000000     0.00000000     0.00000000     0.00000000     0.00000000     0.00000000     0.00673333     0.00100076
      58      0.60903142     0.37808212 -3013.34819661  2675.96627424     0.00000000     0.00000000     0.00000000     0.00000000     0.00000000     0.00000000     0.00000000     0.00000000     0.00000000     0.00000000     0.00708276     0.00104273
      59      0.60225126     0.37173474 -2962.27495288  2631.09825811     0.00000000     0.00000000     0.00000000     0.00000000     0.00000000     0.00000000     0.00000000     0.00000000     0.00000000     0.00000000     0.00707797     0.00102506
      60      0.59965880     0.36554820 -2913.22202768  2587.70383960     0.00000000     0.00000000     0.00000000     0.00000000     0.00000000     0.00000000     0.00000000     0.00000000     0.00000000     0.00000000     0.00715000     0.00101051
      61      0.59317613     0.35961309 -2865.76079765  2545.71767259     0.00000000     0.00000000     0.00000000     0.00000000     0.00000000     0.00000000     0.00000000     0.00000000     0.00000000     0.00000000     0.00718361     0.00099450
      62      0.59842427     0.35385117 -2821.61581923  2505.04043722     0.00000000     0.00000000     0.00000000     0.00000000     0.00000000     0.00000000     0.00000000     0.00000000     0.00000000     0.00000000     0.00704194     0.00098850
      63      0.58694135     0.34842075 -2778.49501588  2465.64899514     0.00000000     0.00000000     0.00000000     0.00000000     0.00000000     0.00000000     0.00000000     0.00000000     0.00000000     0.00000000     0.00698095     0.00097469
      64      0.57076018     0.34335221 -2736.79155081  2427.47588576     0.00000000     0.00000000     0.00000000     0.00000000     0.00000000     0.00000000     0.00000000     0.00000000     0.00000000     0.00000000     0.00690000     0.00096281
      65      0.56738454     0.33808646 -2694.73063427  2390.49447024     0.00000000     0.00000000     0.00000000     0.00000000     0.00000000     0.00000000     0.00000000     0.00000000     0.00000000     0.00000000     0.00712000     0.00097281
      66      0.56911839     0.33296839 -2654.25649587  2354.61747167     0.00000000     0.00000000     0.00000000     0.00000000     0.00000000     0.00000000     0.00000000     0.00000000     0.00000000     0.00000000     0.00706061     0.00095988
      67      0.64848026     0.33732396 -2780.12953325  2322.83594838     0.00000000     0.00000000     0.00000000     0.00000000     0.00000000     0.00000000     0.00000000     0.00000000     0.00000000     0.00000000     0.00694328     0.00095270
      68      0.66008563     0.33256289 -2745.42032472  2288.93590442     0.00000000     0.00000000     0.00000000     0.00000000     0.00000000     0.00000000     0.00000000     0.00000000     0.00000000     0.00000000     0.00680294     0.00094897
      69      0.65197195     0.32784210 -2705.92788438  2256.10358844     0.00000000     0.00000000     0.00000000     0.00000000     0.00000000     0.00000000     0.00000000     0.00000000     0.00000000     0.00000000     0.00690435     0.00094062
      70      0.64803091     0.32318233 -2667.10711068  2224.20750662     0.00000000     0.00000000     0.00000000     0.00000000     0.00000000     0.00000000     0.00000000     0.00000000     0.00000000     0.00000000     0.00698286     0.00093045
      71      0.63303517     0.31897818 -2630.94558643  2193.17458058     0.00000000     0.00000000     0.00000000     0.00000000     0.00000000     0.00000000     0.00000000     0.00000000     0.00000000     0.00000000     0.00689296     0.00092168
      72      0.62855699     0.31457936 -2594.32967550  2163.01945942     0.00000000     0.00000000     0.00000000     0.00000000     0.00000000     0.00000000     0.00000000     0.00000000     0.00000000     0.00000000     0.00701944     0.00091752
      73      0.62503172     0.31028980 -2558.61589000  2133.68387207     0.00000000     0.00000000     0.00000000     0.00000000     0.00000000     0.00000000     0.00000000     0.00000000     0.00000000     0.00000000     0.00706027     0.00090586
      74      0.62094860     0.30612356 -2523.97116118  2105.13155151     0.00000000     0.00000000     0.00000000     0.00000000     0.00000000     0.00000000     0.00000000     0.00000000     0.00000000     0.00000000     0.00717838     0.00090128
      75      0.61667998     0.30207168 -2490.39988206  2077.33080012     0.00000000     0.00000000     0.00000000     0.00000000     0.00000000     0.00000000     0.00000000     0.00000000     0.00000000     0.00000000     0.00740000     0.00091611
      76      0.61645386     0.29809713 -2457.93020037  2050.25124281     0.00000000     0.00000000     0.00000000     0.00000000     0.00000000     0.00000000     0.00000000     0.00000000     0.00000000     0.00000000     0.00718421     0.00092912
      77      0.60918586     0.29431433 -2425.60000567  2023.87949294     0.00000000     0.00000000     0.00000000     0.00000000     0.00000000     0.00000000     0.00000000     0.00000000     0.00000000     0.00000000     0.00710130     0.00092075
      78      0.60609607     0.29055729 -2394.24220340  1998.17523264     0.00000000     0.00000000     0.00000000     0.00000000     0.00000000     0.00000000     0.00000000     0.00000000     0.00000000     0.00000000     0.00710000     0.00090894
      79      0.60282402     0.28689777 -2363.55621621  1973.11748363     0.00000000     0.00000000     0.00000000     0.00000000     0.00000000     0.00000000     0.00000000     0.00000000     0.00000000     0.00000000     0.00711899     0.00089764
      80      0.59830104     0.28334720 -2334.04057366  1948.67426316     0.00000000     0.00000000     0.00000000     0.00000000     0.00000000     0.00000000     0.00000000     0.00000000     0.00000000     0.00000000     0.00722750     0.00089295
      81      0.61054210     0.28011338 -2311.84522939  1924.74295423     0.00000000     0.00000000     0.00000000     0.00000000     0.00000000     0.00000000     0.00000000     0.00000000     0.00000000     0.00000000     0.00712099     0.00088826
      82      0.57957466     0.27840387 -2307.84370220  1901.27463875     0.00000000     0.00000000     0.00000000     0.00000000     0.00000000     0.00000000     0.00000000     0.00000000     0.00000000     0.00000000     0.00704634     0.00088055
      83      0.57924524     0.27504980 -2280.39319958  1878.56586939     0.00000000     0.00000000     0.00000000     0.00000000     0.00000000     0.00000000     0.00000000     0.00000000     0.00000000     0.00000000     0.00686988     0.00088745
      84      0.57738602     0.27178169 -2253.20509254  1856.39872358     0.00000000     0.00000000     0.00000000     0.00000000     0.00000000     0.00000000     0.00000000     0.00000000     0.00000000     0.00000000     0.00701905     0.00088933
      85      0.57367977     0.26860952 -2226.62455322  1834.74902326     0.00000000     0.00000000     0.00000000     0.00000000     0.00000000     0.00000000     0.00000000     0.00000000     0.00000000     0.00000000     0.00708941     0.00088165
      86      0.57127607     0.26549691 -2200.79391287  1813.59655240     0.00000000     0.00000000     0.00000000     0.00000000     0.00000000     0.00000000     0.00000000     0.00000000     0.00000000     0.00000000     0.00719767     0.00087802
      87      0.56790424     0.26246663 -2175.39398762  1792.92847271     0.00000000     0.00000000     0.00000000     0.00000000     0.00000000     0.00000000     0.00000000     0.00000000     0.00000000     0.00000000     0.00723218     0.00086861
      88      0.56476781     0.25950280 -2150.71002493  1772.72419437     0.00000000     0.00000000     0.00000000     0.00000000     0.00000000     0.00000000     0.00000000     0.00000000     0.00000000     0.00000000     0.00737273     0.00087003
      89      0.56327399     0.25659134 -2126.72311454  1752.96822214     0.00000000     0.00000000     0.00000000     0.00000000     0.00000000     0.00000000     0.00000000     0.00000000     0.00000000     0.00000000     0.00716404     0.00088493
      90      0.56001413     0.25376103 -2103.16021665  1733.64915308     0.00000000     0.00000000     0.00000000     0.00000000     0.00000000     0.00000000     0.00000000     0.00000000     0.00000000     0.00000000     0.00726222     0.00088053
      91      0.58191541     0.25191578 -2097.43409705  1714.60751994     0.00000000     0.00000000     0.00000000     0.00000000     0.00000000     0.00000000     0.00000000     0.00000000     0.00000000     0.00000000     0.00717363     0.00087530
      92      0.58027758     0.24918289 -2074.41823167  1696.12495025     0.00000000     0.00000000     0.00000000     0.00000000     0.00000000     0.00000000     0.00000000     0.00000000     0.00000000     0.00000000     0.00715217     0.00086604
      93      0.52915371     0.25169332 -2124.21032954  1678.61774647     0.00000000     0.00000000     0.00000000     0.00000000     0.00000000     0.00000000     0.00000000     0.00000000     0.00000000     0.00000000     0.00707742     0.00085995
      94      0.52514971     0.24904757 -2101.60171517  1660.91235697     0.00000000     0.00000000     0.00000000     0.00000000     0.00000000     0.00000000     0.00000000     0.00000000     0.00000000     0.00000000     0.00707872     0.00085080
      95      0.52314255     0.24643411 -2079.49347837  1643.57620267     0.00000000     0.00000000     0.00000000     0.00000000     0.00000000     0.00000000     0.00000000     0.00000000     0.00000000     0.00000000     0.00708842     0.00084190
      96      0.52095932     0.24387676 -2057.89923434  1626.59746980     0.00000000     0.00000000     0.00000000     0.00000000     0.00000000     0.00000000     0.00000000     0.00000000     0.00000000     0.00000000     0.00723958     0.00084660
      97      0.51924135     0.24136862 -2036.60890528  1609.96775091     0.00000000     0.00000000     0.00000000     0.00000000     0.00000000     0.00000000     0.00000000     0.00000000     0.00000000     0.00000000     0.00745155     0.00086400
      98      0.52014659     0.23890737 -2015.21526902  1593.68164409     0.00000000     0.00000000     0.00000000     0.00000000     0.00000000     0.00000000     0.00000000     0.00000000     0.00000000     0.00000000     0.00739184     0.00085724
      99      0.52463453     0.23653631 -1996.18721448  1577.69744009     0.00000000     0.00000000     0.00000000     0.00000000     0.00000000     0.00000000     0.00000000     0.00000000     0.00000000     0.00000000     0.00726465     0.00085796
     100      0.51959488     0.23422463 -1976.70334125  1562.04076971     0.00000000     0.00000000     0.00000000     0.00000000     0.00000000     0.00000000     0.00000000     0.00000000     0.00000000     0.00000000     0.00735400     0.00085403
  
  ==========================================
  RSSE: Resummation-based SSE
  Lattice:    3 x    1
  beta =   11.000
  N =    2.000
   Mode: RSSE local updates (uncolored loops)
  ==========================================
  
  RSSE Results for SU(N) Heisenberg
  Cut-off M :           60
  Bins completed :          100
  =========================================
  -E/N        :      0.51959488     0.23422463
   C/N        :  -1976.70334125  1562.04076971
   <m**2>     :      0.00000000     0.00000000
   rhos_x     :      0.00000000     0.00000000
   rhos_y     :      0.00000000     0.00000000
   rhos_av    :      0.00000000     0.00000000
   X(0,0)     :      0.00000000     0.00000000
   <sign>     :      0.00735400     0.00085403
  =========================================
 # RSSE per-bin table
  cols: bin, -E/N,err, C/N,err, <m^2>,err, rhos_x,err, rhos_y,err, rhos_av,err, X(0,0),err
        <sign>_mean, <sign>_err
       1      0.35918463     0.00000000     8.97583874     0.00000000     0.00000000     0.00000000     0.00000000     0.00000000     0.00000000     0.00000000     0.00000000     0.00000000     0.00000000     0.00000000     0.01940000     0.00000000
       2      0.40610747     0.03317946     6.64791937     1.64608757     0.00000000     0.00000000     0.00000000     0.00000000     0.00000000     0.00000000     0.00000000     0.00000000     0.00000000     0.00000000     0.00370000     0.01110158
       3      0.57784787     0.14195934   -29.37623916    29.43406644     0.00000000     0.00000000     0.00000000     0.00000000     0.00000000     0.00000000     0.00000000     0.00000000     0.00000000     0.00000000     0.00160000     0.00759708
       4      0.54993602     0.10917903   -17.33016384    24.41640531     0.00000000     0.00000000     0.00000000     0.00000000     0.00000000     0.00000000     0.00000000     0.00000000     0.00000000     0.00000000     0.00380000     0.00600791
       5      0.50172567     0.09740754   -14.94692205    19.64909199     0.00000000     0.00000000     0.00000000     0.00000000     0.00000000     0.00000000     0.00000000     0.00000000     0.00000000     0.00000000     0.00480000     0.00488884
       6      0.36431685     0.14941007   -44.54243504    31.59157855     0.00000000     0.00000000     0.00000000     0.00000000     0.00000000     0.00000000     0.00000000     0.00000000     0.00000000     0.00000000     0.00450000     0.00408323
       7      0.39027285     0.13030085   -38.39055549    27.67099646     0.00000000     0.00000000     0.00000000     0.00000000     0.00000000     0.00000000     0.00000000     0.00000000     0.00000000     0.00000000     0.00268571     0.00388211
       8      0.38756767     0.11404132   -33.27747783    24.68000131     0.00000000     0.00000000     0.00000000     0.00000000     0.00000000     0.00000000     0.00000000     0.00000000     0.00000000     0.00000000     0.00690000     0.00520372
       9      0.36470661     0.10363613   -29.81349600    22.17954179     0.00000000     0.00000000     0.00000000     0.00000000     0.00000000     0.00000000     0.00000000     0.00000000     0.00000000     0.00000000     0.00760000     0.00467238
      10      0.25972946     0.13644759   -62.93163620    37.22358216     0.00000000     0.00000000     0.00000000     0.00000000     0.00000000     0.00000000     0.00000000     0.00000000     0.00000000     0.00000000     0.00698000     0.00424608
      11      0.34328022     0.14742066   -72.95822988    35.16408888     0.00000000     0.00000000     0.00000000     0.00000000     0.00000000     0.00000000     0.00000000     0.00000000     0.00000000     0.00000000     0.00598182     0.00397567
      12      0.37643502     0.13881379   -71.95045968    32.24818579     0.00000000     0.00000000     0.00000000     0.00000000     0.00000000     0.00000000     0.00000000     0.00000000     0.00000000     0.00000000     0.00460000     0.00387707
      13      0.25738524     0.17175976  -141.41478330    73.07683166     0.00000000     0.00000000     0.00000000     0.00000000     0.00000000     0.00000000     0.00000000     0.00000000     0.00000000     0.00000000     0.00432308     0.00358871
      14      0.25595585     0.15949715  -132.01865460    68.45846419     0.00000000     0.00000000     0.00000000     0.00000000     0.00000000     0.00000000     0.00000000     0.00000000     0.00000000     0.00000000     0.00487143     0.00337401
      15      0.24887835     0.14902096  -124.41824027    64.31509037     0.00000000     0.00000000     0.00000000     0.00000000     0.00000000     0.00000000     0.00000000     0.00000000     0.00000000     0.00000000     0.00513333     0.00315922
      16      0.22748381     0.14123458  -116.83712340    60.74056450     0.00000000     0.00000000     0.00000000     0.00000000     0.00000000     0.00000000     0.00000000     0.00000000     0.00000000     0.00000000     0.00496250     0.00296639
      17      0.23732250     0.13326891  -109.51856068    57.60680561     0.00000000     0.00000000     0.00000000     0.00000000     0.00000000     0.00000000     0.00000000     0.00000000     0.00000000     0.00000000     0.00567059     0.00287516
      18      0.27390643     0.13079009  -107.58646761    54.43881842     0.00000000     0.00000000     0.00000000     0.00000000     0.00000000     0.00000000     0.00000000     0.00000000     0.00000000     0.00000000     0.00517778     0.00275734
      19      0.24513624     0.12703132  -118.72862721    52.70153363     0.00000000     0.00000000     0.00000000     0.00000000     0.00000000     0.00000000     0.00000000     0.00000000     0.00000000     0.00000000     0.00480000     0.00263797
      20      0.26880114     0.12286427  -114.52486367    50.23383479     0.00000000     0.00000000     0.00000000     0.00000000     0.00000000     0.00000000     0.00000000     0.00000000     0.00000000     0.00000000     0.00408000     0.00260248
      21      0.27512800     0.11717638  -109.04532867    48.13967515     0.00000000     0.00000000     0.00000000     0.00000000     0.00000000     0.00000000     0.00000000     0.00000000     0.00000000     0.00000000     0.00484762     0.00258928
      22      0.26447081     0.11233377  -106.30216874    46.02959896     0.00000000     0.00000000     0.00000000     0.00000000     0.00000000     0.00000000     0.00000000     0.00000000     0.00000000     0.00000000     0.00497273     0.00247461
      23      0.26984370     0.10757811  -100.78343963    44.35791297     0.00000000     0.00000000     0.00000000     0.00000000     0.00000000     0.00000000     0.00000000     0.00000000     0.00000000     0.00000000     0.00506957     0.00236891
      24      0.27570812     0.10325541   -96.18205894    42.74765798     0.00000000     0.00000000     0.00000000     0.00000000     0.00000000     0.00000000     0.00000000     0.00000000     0.00000000     0.00000000     0.00641667     0.00262543
      25      0.27415230     0.09913691   -91.83063507    41.25863007     0.00000000     0.00000000     0.00000000     0.00000000     0.00000000     0.00000000     0.00000000     0.00000000     0.00000000     0.00000000     0.00659200     0.00252626
      26      0.26815127     0.09550541   -91.28092526    39.67542155     0.00000000     0.00000000     0.00000000     0.00000000     0.00000000     0.00000000     0.00000000     0.00000000     0.00000000     0.00000000     0.00613077     0.00247085
      27      0.27421301     0.09216034   -87.59776930    38.37653841     0.00000000     0.00000000     0.00000000     0.00000000     0.00000000     0.00000000     0.00000000     0.00000000     0.00000000     0.00000000     0.00564444     0.00242672
      28      0.29982476     0.09235917   -91.94038116    37.25083807     0.00000000     0.00000000     0.00000000     0.00000000     0.00000000     0.00000000     0.00000000     0.00000000     0.00000000     0.00000000     0.00534286     0.00235872
      29      0.27569287     0.09227316   -97.32445805    36.35333992     0.00000000     0.00000000     0.00000000     0.00000000     0.00000000     0.00000000     0.00000000     0.00000000     0.00000000     0.00000000     0.00536552     0.00227749
      30      0.27403152     0.08921234   -94.34674012    35.26330413     0.00000000     0.00000000     0.00000000     0.00000000     0.00000000     0.00000000     0.00000000     0.00000000     0.00000000     0.00000000     0.00561333     0.00221502
      31      0.27647027     0.08636785   -90.84402183    34.29930025     0.00000000     0.00000000     0.00000000     0.00000000     0.00000000     0.00000000     0.00000000     0.00000000     0.00000000     0.00000000     0.00564516     0.00214379
      32      0.28301389     0.08391637   -87.85688558    33.35726879     0.00000000     0.00000000     0.00000000     0.00000000     0.00000000     0.00000000     0.00000000     0.00000000     0.00000000     0.00000000     0.00588750     0.00209045
      33      0.28380974     0.08137723   -85.54469920    32.42647899     0.00000000     0.00000000     0.00000000     0.00000000     0.00000000     0.00000000     0.00000000     0.00000000     0.00000000     0.00000000     0.00605455     0.00203377
      34      0.28789441     0.07908623   -82.72564697    31.59506099     0.00000000     0.00000000     0.00000000     0.00000000     0.00000000     0.00000000     0.00000000     0.00000000     0.00000000     0.00000000     0.00633529     0.00199324
      35      0.28785632     0.07682663   -80.51194566    30.76979849     0.00000000     0.00000000     0.00000000     0.00000000     0.00000000     0.00000000     0.00000000     0.00000000     0.00000000     0.00000000     0.00641714     0.00193797
      36      0.28784642     0.07469256   -78.51641853    29.97972043     0.00000000     0.00000000     0.00000000     0.00000000     0.00000000     0.00000000     0.00000000     0.00000000     0.00000000     0.00000000     0.00601667     0.00192507
      37      0.28924904     0.07268701   -76.31267903    29.25034146     0.00000000     0.00000000     0.00000000     0.00000000     0.00000000     0.00000000     0.00000000     0.00000000     0.00000000     0.00000000     0.00641622     0.00191405
      38      0.29166397     0.07081430   -74.34084352    28.54698133     0.00000000     0.00000000     0.00000000     0.00000000     0.00000000     0.00000000     0.00000000     0.00000000     0.00000000     0.00000000     0.00678421     0.00189873
      39      0.35048022     0.09017455  -116.46432093    50.02564220     0.00000000     0.00000000     0.00000000     0.00000000     0.00000000     0.00000000     0.00000000     0.00000000     0.00000000     0.00000000     0.00657436     0.00186160
      40      0.34202416     0.08831578  -114.08896784    48.83136268     0.00000000     0.00000000     0.00000000     0.00000000     0.00000000     0.00000000     0.00000000     0.00000000     0.00000000     0.00000000     0.00647500     0.00181771
      41      0.34480553     0.08620552  -111.57338326    47.70510595     0.00000000     0.00000000     0.00000000     0.00000000     0.00000000     0.00000000     0.00000000     0.00000000     0.00000000     0.00000000     0.00607317     0.00181725
      42      0.34718251     0.08418577  -109.23728129    46.62643405     0.00000000     0.00000000     0.00000000     0.00000000     0.00000000     0.00000000     0.00000000     0.00000000     0.00000000     0.00000000     0.00568095     0.00181582
      43      0.33731146     0.08280465  -110.22109129    45.55247630     0.00000000     0.00000000     0.00000000     0.00000000     0.00000000     0.00000000     0.00000000     0.00000000     0.00000000     0.00000000     0.00547907     0.00178478
      44      0.34054642     0.08098589  -107.87401564    44.57761788     0.00000000     0.00000000     0.00000000     0.00000000     0.00000000     0.00000000     0.00000000     0.00000000     0.00000000     0.00000000     0.00558636     0.00174743
      45      0.34035005     0.07918644  -105.13397941    43.67113336     0.00000000     0.00000000     0.00000000     0.00000000     0.00000000     0.00000000     0.00000000     0.00000000     0.00000000     0.00000000     0.00558667     0.00170860
      46      0.41875483     0.10961066  -203.98215377   106.69441513     0.00000000     0.00000000     0.00000000     0.00000000     0.00000000     0.00000000     0.00000000     0.00000000     0.00000000     0.00000000     0.00544348     0.00167745
      47      0.40941532     0.10767568  -199.80007682   104.50625102     0.00000000     0.00000000     0.00000000     0.00000000     0.00000000     0.00000000     0.00000000     0.00000000     0.00000000     0.00000000     0.00545532     0.00164180
      48      0.40727495     0.10545371  -195.57744243   102.41431089     0.00000000     0.00000000     0.00000000     0.00000000     0.00000000     0.00000000     0.00000000     0.00000000     0.00000000     0.00000000     0.00556667     0.00161137
      49      0.40483194     0.10332988  -191.55940919   100.40301197     0.00000000     0.00000000     0.00000000     0.00000000     0.00000000     0.00000000     0.00000000     0.00000000     0.00000000     0.00000000     0.00604898     0.00164909
      50      0.40129931     0.10132365  -187.91997045    98.46089138     0.00000000     0.00000000     0.00000000     0.00000000     0.00000000     0.00000000     0.00000000     0.00000000     0.00000000     0.00000000     0.00632000     0.00163822
      51      0.41877464     0.10083264  -190.55357595    96.56550073     0.00000000     0.00000000     0.00000000     0.00000000     0.00000000     0.00000000     0.00000000     0.00000000     0.00000000     0.00000000     0.00609412     0.00162160
      52      0.41355069     0.09902878  -187.55548442    94.75500166     0.00000000     0.00000000     0.00000000     0.00000000     0.00000000     0.00000000     0.00000000     0.00000000     0.00000000     0.00000000     0.00605000     0.00159101
      53      0.41356374     0.09716032  -183.95057842    93.03571958     0.00000000     0.00000000     0.00000000     0.00000000     0.00000000     0.00000000     0.00000000     0.00000000     0.00000000     0.00000000     0.00612453     0.00156274
      54      0.41005712     0.09542431  -180.64361299    91.37159021     0.00000000     0.00000000     0.00000000     0.00000000     0.00000000     0.00000000     0.00000000     0.00000000     0.00000000     0.00000000     0.00632222     0.00154625
      55      0.40902945     0.09369485  -177.32805692    89.77042340     0.00000000     0.00000000     0.00000000     0.00000000     0.00000000     0.00000000     0.00000000     0.00000000     0.00000000     0.00000000     0.00666545     0.00155577
      56      0.42601130     0.09354802  -180.28037456    88.21591382     0.00000000     0.00000000     0.00000000     0.00000000     0.00000000     0.00000000     0.00000000     0.00000000     0.00000000     0.00000000     0.00646429     0.00154094
      57      0.42496131     0.09191272  -177.01309022    86.72875089     0.00000000     0.00000000     0.00000000     0.00000000     0.00000000     0.00000000     0.00000000     0.00000000     0.00000000     0.00000000     0.00678246     0.00154640
      58      0.41144042     0.09131711  -177.46143093    85.23458643     0.00000000     0.00000000     0.00000000     0.00000000     0.00000000     0.00000000     0.00000000     0.00000000     0.00000000     0.00000000     0.00673103     0.00152060
      59      0.40903008     0.08980116  -174.51274475    83.84092174     0.00000000     0.00000000     0.00000000     0.00000000     0.00000000     0.00000000     0.00000000     0.00000000     0.00000000     0.00000000     0.00688136     0.00150224
      60      0.39893009     0.08887064  -172.87121289    82.45964135     0.00000000     0.00000000     0.00000000     0.00000000     0.00000000     0.00000000     0.00000000     0.00000000     0.00000000     0.00000000     0.00683333     0.00147797
      61      0.39806809     0.08741792  -170.17807495    81.15181108     0.00000000     0.00000000     0.00000000     0.00000000     0.00000000     0.00000000     0.00000000     0.00000000     0.00000000     0.00000000     0.00684918     0.00145382
      62      0.34332163     0.10171628  -235.77945345   103.00009384     0.00000000     0.00000000     0.00000000     0.00000000     0.00000000     0.00000000     0.00000000     0.00000000     0.00000000     0.00000000     0.00675161     0.00143364
      63      0.35230843     0.10049795  -232.82453475   101.40754896     0.00000000     0.00000000     0.00000000     0.00000000     0.00000000     0.00000000     0.00000000     0.00000000     0.00000000     0.00000000     0.00658413     0.00142064
      64      0.35840780     0.09911259  -229.39814576    99.88092517     0.00000000     0.00000000     0.00000000     0.00000000     0.00000000     0.00000000     0.00000000     0.00000000     0.00000000     0.00000000     0.00638438     0.00141241
      65      0.37926746     0.09975874  -235.14309972    98.50937621     0.00000000     0.00000000     0.00000000     0.00000000     0.00000000     0.00000000     0.00000000     0.00000000     0.00000000     0.00000000     0.00624308     0.00139773
      66      0.38012682     0.09825094  -231.56154471    97.08189627     0.00000000     0.00000000     0.00000000     0.00000000     0.00000000     0.00000000     0.00000000     0.00000000     0.00000000     0.00000000     0.00651212     0.00140221
      67      0.37958728     0.09678599  -228.22849313    95.69011142     0.00000000     0.00000000     0.00000000     0.00000000     0.00000000     0.00000000     0.00000000     0.00000000     0.00000000     0.00000000     0.00665075     0.00138812
      68      0.37966527     0.09536270  -224.91148712    94.34037680     0.00000000     0.00000000     0.00000000     0.00000000     0.00000000     0.00000000     0.00000000     0.00000000     0.00000000     0.00000000     0.00676471     0.00137237
      69      0.38156589     0.09399957  -221.51404871    93.03428008     0.00000000     0.00000000     0.00000000     0.00000000     0.00000000     0.00000000     0.00000000     0.00000000     0.00000000     0.00000000     0.00688406     0.00135766
      70      0.38128387     0.09265714  -218.33099754    91.75965483     0.00000000     0.00000000     0.00000000     0.00000000     0.00000000     0.00000000     0.00000000     0.00000000     0.00000000     0.00000000     0.00704857     0.00134820
      71      0.38041358     0.09135620  -215.23412924    90.51950955     0.00000000     0.00000000     0.00000000     0.00000000     0.00000000     0.00000000     0.00000000     0.00000000     0.00000000     0.00000000     0.00724225     0.00134305
      72      0.38070814     0.09008784  -212.13182951    89.31543959     0.00000000     0.00000000     0.00000000     0.00000000     0.00000000     0.00000000     0.00000000     0.00000000     0.00000000     0.00000000     0.00753611     0.00135616
      73      0.38068706     0.08885376  -209.08274642    88.14397041     0.00000000     0.00000000     0.00000000     0.00000000     0.00000000     0.00000000     0.00000000     0.00000000     0.00000000     0.00000000     0.00781370     0.00136570
      74      0.38026525     0.08765403  -206.08252657    87.00388101     0.00000000     0.00000000     0.00000000     0.00000000     0.00000000     0.00000000     0.00000000     0.00000000     0.00000000     0.00000000     0.00795676     0.00135472
      75      0.37769300     0.08652305  -203.50736242    85.88193101     0.00000000     0.00000000     0.00000000     0.00000000     0.00000000     0.00000000     0.00000000     0.00000000     0.00000000     0.00000000     0.00794933     0.00133667
      76      0.37695268     0.08538775  -200.77730076    84.79528684     0.00000000     0.00000000     0.00000000     0.00000000     0.00000000     0.00000000     0.00000000     0.00000000     0.00000000     0.00000000     0.00790000     0.00132000
      77      0.37718968     0.08427915  -198.46742991    83.72550452     0.00000000     0.00000000     0.00000000     0.00000000     0.00000000     0.00000000     0.00000000     0.00000000     0.00000000     0.00000000     0.00776623     0.00130961
      78      0.33522785     0.09306039  -245.93514515    95.16126708     0.00000000     0.00000000     0.00000000     0.00000000     0.00000000     0.00000000     0.00000000     0.00000000     0.00000000     0.00000000     0.00768718     0.00129521
      79      0.33617065     0.09188719  -242.66214218    94.01296352     0.00000000     0.00000000     0.00000000     0.00000000     0.00000000     0.00000000     0.00000000     0.00000000     0.00000000     0.00000000     0.00783797     0.00128756
      80      0.33410959     0.09076171  -239.71874246    92.88386668     0.00000000     0.00000000     0.00000000     0.00000000     0.00000000     0.00000000     0.00000000     0.00000000     0.00000000     0.00000000     0.00784250     0.00127147
      81      0.33391486     0.08964140  -236.45043673    91.79463522     0.00000000     0.00000000     0.00000000     0.00000000     0.00000000     0.00000000     0.00000000     0.00000000     0.00000000     0.00000000     0.00786667     0.00125601
      82      0.33332585     0.08855015  -233.55074641    90.72097588     0.00000000     0.00000000     0.00000000     0.00000000     0.00000000     0.00000000     0.00000000     0.00000000     0.00000000     0.00000000     0.00795854     0.00124404
      83      0.33357674     0.08748364  -230.64778476    89.67438568     0.00000000     0.00000000     0.00000000     0.00000000     0.00000000     0.00000000     0.00000000     0.00000000     0.00000000     0.00000000     0.00813012     0.00124083
      84      0.34298341     0.08694642  -230.88654570    88.60715133     0.00000000     0.00000000     0.00000000     0.00000000     0.00000000     0.00000000     0.00000000     0.00000000     0.00000000     0.00000000     0.00799048     0.00123389
      85      0.34231730     0.08592607  -228.24161575    87.60418104     0.00000000     0.00000000     0.00000000     0.00000000     0.00000000     0.00000000     0.00000000     0.00000000     0.00000000     0.00000000     0.00808471     0.00122297
      86      0.33282074     0.08545010  -228.30828587    86.58555314     0.00000000     0.00000000     0.00000000     0.00000000     0.00000000     0.00000000     0.00000000     0.00000000     0.00000000     0.00000000     0.00803953     0.00120958
      87      0.33235597     0.08446918  -225.71576180    85.62912047     0.00000000     0.00000000     0.00000000     0.00000000     0.00000000     0.00000000     0.00000000     0.00000000     0.00000000     0.00000000     0.00812874     0.00119896
      88      0.33421439     0.08352974  -223.13223596    84.69502724     0.00000000     0.00000000     0.00000000     0.00000000     0.00000000     0.00000000     0.00000000     0.00000000     0.00000000     0.00000000     0.00825455     0.00119192
      89      0.33725710     0.08264661  -221.01314032    83.76990374     0.00000000     0.00000000     0.00000000     0.00000000     0.00000000     0.00000000     0.00000000     0.00000000     0.00000000     0.00000000     0.00803146     0.00119923
      90      0.33635389     0.08173325  -218.53729626    82.87570610     0.00000000     0.00000000     0.00000000     0.00000000     0.00000000     0.00000000     0.00000000     0.00000000     0.00000000     0.00000000     0.00808889     0.00118727
      91      0.33417961     0.08086399  -216.28906512    81.99547311     0.00000000     0.00000000     0.00000000     0.00000000     0.00000000     0.00000000     0.00000000     0.00000000     0.00000000     0.00000000     0.00814066     0.00117536
      92      0.33376511     0.07998610  -213.97583602    81.13684143     0.00000000     0.00000000     0.00000000     0.00000000     0.00000000     0.00000000     0.00000000     0.00000000     0.00000000     0.00000000     0.00821957     0.00116523
      93      0.33452147     0.07912961  -211.59456670    80.29933837     0.00000000     0.00000000     0.00000000     0.00000000     0.00000000     0.00000000     0.00000000     0.00000000     0.00000000     0.00000000     0.00829462     0.00115511
      94      0.33574525     0.07829727  -209.26193974    79.47896328     0.00000000     0.00000000     0.00000000     0.00000000     0.00000000     0.00000000     0.00000000     0.00000000     0.00000000     0.00000000     0.00829362     0.00114282
      95      0.33653549     0.07747708  -206.92013186    78.67683515     0.00000000     0.00000000     0.00000000     0.00000000     0.00000000     0.00000000     0.00000000     0.00000000     0.00000000     0.00000000     0.00832632     0.00113126
      96      0.33765816     0.07667816  -204.68999639    77.88888554     0.00000000     0.00000000     0.00000000     0.00000000     0.00000000     0.00000000     0.00000000     0.00000000     0.00000000     0.00000000     0.00835833     0.00111993
      97      0.33726272     0.07588868  -202.55690085    77.11511070     0.00000000     0.00000000     0.00000000     0.00000000     0.00000000     0.00000000     0.00000000     0.00000000     0.00000000     0.00000000     0.00854021     0.00112306
      98      0.34146402     0.07523051  -201.58387503    76.33436031     0.00000000     0.00000000     0.00000000     0.00000000     0.00000000     0.00000000     0.00000000     0.00000000     0.00000000     0.00000000     0.00842245     0.00111775
      99      0.33851994     0.07452819  -199.92050255    75.58142695     0.00000000     0.00000000     0.00000000     0.00000000     0.00000000     0.00000000     0.00000000     0.00000000     0.00000000     0.00000000     0.00838788     0.00110700
     100      0.33842060     0.07378297  -197.94297101    74.85147852     0.00000000     0.00000000     0.00000000     0.00000000     0.00000000     0.00000000     0.00000000     0.00000000     0.00000000     0.00000000     0.00845400     0.00109790
  
  ==========================================
  RSSE: Resummation-based SSE
  Lattice:    3 x    1
  beta =   11.000
  N =    2.000
   Mode: RSSE local updates (uncolored loops)
  ==========================================
  
  RSSE Results for SU(N) Heisenberg
  Cut-off M :           58
  Bins completed :          100
  =========================================
  -E/N        :      0.33842060     0.07378297
   C/N        :   -197.94297101    74.85147852
   <m**2>     :      0.00000000     0.00000000
   rhos_x     :      0.00000000     0.00000000
   rhos_y     :      0.00000000     0.00000000
   rhos_av    :      0.00000000     0.00000000
   X(0,0)     :      0.00000000     0.00000000
   <sign>     :      0.00845400     0.00109790
  =========================================
 # RSSE per-bin table
  cols: bin, -E/N,err, C/N,err, <m^2>,err, rhos_x,err, rhos_y,err, rhos_av,err, X(0,0),err
        <sign>_mean, <sign>_err
       1      0.31876457     0.00000000     5.86259040     0.00000000     0.00000000     0.00000000     0.00000000     0.00000000     0.00000000     0.00000000     0.00000000     0.00000000     0.00000000     0.00000000     0.02340000     0.00000000
       2      0.23608683     0.05846199    -2.45303640     5.88003610     0.00000000     0.00000000     0.00000000     0.00000000     0.00000000     0.00000000     0.00000000     0.00000000     0.00000000     0.00000000     0.01410000     0.00657609
       3      0.38273287     0.12591955   -27.99031723    21.21638667     0.00000000     0.00000000     0.00000000     0.00000000     0.00000000     0.00000000     0.00000000     0.00000000     0.00000000     0.00000000     0.00826667     0.00647342
       4      0.12227693     0.24453389   -61.37468237    33.00133103     0.00000000     0.00000000     0.00000000     0.00000000     0.00000000     0.00000000     0.00000000     0.00000000     0.00000000     0.00000000     0.00635000     0.00513097
       5      0.28380639     0.24319412   -79.29375631    30.88512251     0.00000000     0.00000000     0.00000000     0.00000000     0.00000000     0.00000000     0.00000000     0.00000000     0.00000000     0.00000000     0.00380000     0.00469587
       6      0.30841442     0.20390297   -64.66069381    28.99763657     0.00000000     0.00000000     0.00000000     0.00000000     0.00000000     0.00000000     0.00000000     0.00000000     0.00000000     0.00000000     0.00733333     0.00507120
       7      0.22864093     0.18973834   -55.42345184    26.28524231     0.00000000     0.00000000     0.00000000     0.00000000     0.00000000     0.00000000     0.00000000     0.00000000     0.00000000     0.00000000     0.00628571     0.00445364
       8      0.24576788     0.16679225   -54.43580971    23.01813439     0.00000000     0.00000000     0.00000000     0.00000000     0.00000000     0.00000000     0.00000000     0.00000000     0.00000000     0.00000000     0.00475000     0.00415327
       9      0.27593681     0.15096356   -50.09442004    20.86595683     0.00000000     0.00000000     0.00000000     0.00000000     0.00000000     0.00000000     0.00000000     0.00000000     0.00000000     0.00000000     0.00595556     0.00386280
      10      0.40827136     0.18498942  -101.84289586    52.56214112     0.00000000     0.00000000     0.00000000     0.00000000     0.00000000     0.00000000     0.00000000     0.00000000     0.00000000     0.00000000     0.00498000     0.00359760
      11      0.38082521     0.17019606   -91.92559017    48.71036788     0.00000000     0.00000000     0.00000000     0.00000000     0.00000000     0.00000000     0.00000000     0.00000000     0.00000000     0.00000000     0.00498182     0.00327055
      12      0.37323323     0.15618229   -81.49434679    45.75445663     0.00000000     0.00000000     0.00000000     0.00000000     0.00000000     0.00000000     0.00000000     0.00000000     0.00000000     0.00000000     0.00518333     0.00300421
      13      0.32261156     0.15215099   -83.14151242    42.26452171     0.00000000     0.00000000     0.00000000     0.00000000     0.00000000     0.00000000     0.00000000     0.00000000     0.00000000     0.00000000     0.00493846     0.00278308
      14      0.32580755     0.14131663   -77.13254764    39.67049032     0.00000000     0.00000000     0.00000000     0.00000000     0.00000000     0.00000000     0.00000000     0.00000000     0.00000000     0.00000000     0.00537143     0.00261775
      15      0.32562913     0.13189563   -72.12387805    37.34064161     0.00000000     0.00000000     0.00000000     0.00000000     0.00000000     0.00000000     0.00000000     0.00000000     0.00000000     0.00000000     0.00601333     0.00252070
      16      0.33103840     0.12376303   -66.52554353    35.42403376     0.00000000     0.00000000     0.00000000     0.00000000     0.00000000     0.00000000     0.00000000     0.00000000     0.00000000     0.00000000     0.00597500     0.00236345
      17      0.33242334     0.11649060   -62.39161513    33.58061220     0.00000000     0.00000000     0.00000000     0.00000000     0.00000000     0.00000000     0.00000000     0.00000000     0.00000000     0.00000000     0.00658824     0.00230261
      18      0.38725415     0.12224382   -78.59485104    35.40906225     0.00000000     0.00000000     0.00000000     0.00000000     0.00000000     0.00000000     0.00000000     0.00000000     0.00000000     0.00000000     0.00601111     0.00224585
      19      0.38803540     0.11581243   -74.22886672    33.81352192     0.00000000     0.00000000     0.00000000     0.00000000     0.00000000     0.00000000     0.00000000     0.00000000     0.00000000     0.00000000     0.00706316     0.00236123
      20      0.37670895     0.11057429   -72.01795198    32.19504559     0.00000000     0.00000000     0.00000000     0.00000000     0.00000000     0.00000000     0.00000000     0.00000000     0.00000000     0.00000000     0.00740000     0.00226707
      21      0.37959902     0.10534661   -67.13146198    31.03056257     0.00000000     0.00000000     0.00000000     0.00000000     0.00000000     0.00000000     0.00000000     0.00000000     0.00000000     0.00000000     0.00722857     0.00216558
      22      0.37678084     0.10059581   -63.72876030    29.80606269     0.00000000     0.00000000     0.00000000     0.00000000     0.00000000     0.00000000     0.00000000     0.00000000     0.00000000     0.00000000     0.00725455     0.00206730
      23      0.37655352     0.09622234   -60.92411647    28.64179644     0.00000000     0.00000000     0.00000000     0.00000000     0.00000000     0.00000000     0.00000000     0.00000000     0.00000000     0.00000000     0.00771304     0.00202763
      24      0.36974894     0.09245336   -58.52461601    27.54871540     0.00000000     0.00000000     0.00000000     0.00000000     0.00000000     0.00000000     0.00000000     0.00000000     0.00000000     0.00000000     0.00784167     0.00194722
      25      0.33896217     0.09374115   -64.06437006    26.99801462     0.00000000     0.00000000     0.00000000     0.00000000     0.00000000     0.00000000     0.00000000     0.00000000     0.00000000     0.00000000     0.00768000     0.00187603
      26      0.34725384     0.09050169   -61.54159667    26.07723072     0.00000000     0.00000000     0.00000000     0.00000000     0.00000000     0.00000000     0.00000000     0.00000000     0.00000000     0.00000000     0.00792308     0.00181955
      27      0.34411098     0.08720433   -59.47637207    25.19305388     0.00000000     0.00000000     0.00000000     0.00000000     0.00000000     0.00000000     0.00000000     0.00000000     0.00000000     0.00000000     0.00811852     0.00176263
      28      0.36228667     0.08596317   -61.48303225    24.37308751     0.00000000     0.00000000     0.00000000     0.00000000     0.00000000     0.00000000     0.00000000     0.00000000     0.00000000     0.00000000     0.00757857     0.00178046
      29      0.36234254     0.08299894   -59.27451523    23.63248450     0.00000000     0.00000000     0.00000000     0.00000000     0.00000000     0.00000000     0.00000000     0.00000000     0.00000000     0.00000000     0.00808966     0.00179092
      30      0.36125254     0.08023946   -56.63933652    22.99118554     0.00000000     0.00000000     0.00000000     0.00000000     0.00000000     0.00000000     0.00000000     0.00000000     0.00000000     0.00000000     0.00808000     0.00173124
      31      0.35944960     0.07767135   -53.86717382    22.41603817     0.00000000     0.00000000     0.00000000     0.00000000     0.00000000     0.00000000     0.00000000     0.00000000     0.00000000     0.00000000     0.00798710     0.00167789
      32      0.39303396     0.08218479   -63.99258019    23.89319003     0.00000000     0.00000000     0.00000000     0.00000000     0.00000000     0.00000000     0.00000000     0.00000000     0.00000000     0.00000000     0.00765625     0.00165775
      33      0.40215430     0.08019880   -64.66102313    23.17850236     0.00000000     0.00000000     0.00000000     0.00000000     0.00000000     0.00000000     0.00000000     0.00000000     0.00000000     0.00000000     0.00728485     0.00164860
      34      0.40362770     0.07785355   -62.54681059    22.59299923     0.00000000     0.00000000     0.00000000     0.00000000     0.00000000     0.00000000     0.00000000     0.00000000     0.00000000     0.00000000     0.00745882     0.00160926
      35      0.45316536     0.09002020   -91.98468598    36.38022721     0.00000000     0.00000000     0.00000000     0.00000000     0.00000000     0.00000000     0.00000000     0.00000000     0.00000000     0.00000000     0.00720571     0.00158306
      36      0.45105902     0.08754428   -89.19869888    35.47617999     0.00000000     0.00000000     0.00000000     0.00000000     0.00000000     0.00000000     0.00000000     0.00000000     0.00000000     0.00000000     0.00726667     0.00154026
      37      0.44374922     0.08548285   -86.62121672    34.61086971     0.00000000     0.00000000     0.00000000     0.00000000     0.00000000     0.00000000     0.00000000     0.00000000     0.00000000     0.00000000     0.00723784     0.00149890
      38      0.44194668     0.08325230   -84.20070155    33.78459083     0.00000000     0.00000000     0.00000000     0.00000000     0.00000000     0.00000000     0.00000000     0.00000000     0.00000000     0.00000000     0.00760000     0.00150257
      39      0.44335002     0.08112946   -81.98958337    32.99059604     0.00000000     0.00000000     0.00000000     0.00000000     0.00000000     0.00000000     0.00000000     0.00000000     0.00000000     0.00000000     0.00769744     0.00146720
      40      0.44305226     0.07910177   -79.71474092    32.24416580     0.00000000     0.00000000     0.00000000     0.00000000     0.00000000     0.00000000     0.00000000     0.00000000     0.00000000     0.00000000     0.00790500     0.00144513
      41      0.44944206     0.07743011   -78.69108164    31.47396765     0.00000000     0.00000000     0.00000000     0.00000000     0.00000000     0.00000000     0.00000000     0.00000000     0.00000000     0.00000000     0.00786341     0.00141048
      42      0.44873019     0.07558981   -76.86869121    30.77730184     0.00000000     0.00000000     0.00000000     0.00000000     0.00000000     0.00000000     0.00000000     0.00000000     0.00000000     0.00000000     0.00805238     0.00138950
      43      0.44647378     0.07386557   -75.00019966    30.11821533     0.00000000     0.00000000     0.00000000     0.00000000     0.00000000     0.00000000     0.00000000     0.00000000     0.00000000     0.00000000     0.00823721     0.00136942
      44      0.44556999     0.07219234   -73.30722244    29.48125407     0.00000000     0.00000000     0.00000000     0.00000000     0.00000000     0.00000000     0.00000000     0.00000000     0.00000000     0.00000000     0.00870000     0.00141434
      45      0.44380206     0.07060971   -71.64549349    28.87290930     0.00000000     0.00000000     0.00000000     0.00000000     0.00000000     0.00000000     0.00000000     0.00000000     0.00000000     0.00000000     0.00896000     0.00140660
      46      0.38054747     0.09319591  -134.68954526    68.45394498     0.00000000     0.00000000     0.00000000     0.00000000     0.00000000     0.00000000     0.00000000     0.00000000     0.00000000     0.00000000     0.00878261     0.00138717
      47      0.37670603     0.09129216  -132.19904582    67.04276758     0.00000000     0.00000000     0.00000000     0.00000000     0.00000000     0.00000000     0.00000000     0.00000000     0.00000000     0.00000000     0.00889362     0.00136209
      48      0.38387913     0.08967160  -129.98204984    65.68268926     0.00000000     0.00000000     0.00000000     0.00000000     0.00000000     0.00000000     0.00000000     0.00000000     0.00000000     0.00000000     0.00861250     0.00136241
      49      0.37843533     0.08800665  -128.10045546    64.36917134     0.00000000     0.00000000     0.00000000     0.00000000     0.00000000     0.00000000     0.00000000     0.00000000     0.00000000     0.00000000     0.00870204     0.00133754
      50      0.37079330     0.08657768  -126.66543906    63.09778168     0.00000000     0.00000000     0.00000000     0.00000000     0.00000000     0.00000000     0.00000000     0.00000000     0.00000000     0.00000000     0.00865200     0.00131173
      51      0.36946886     0.08489021  -124.25842565    61.90646384     0.00000000     0.00000000     0.00000000     0.00000000     0.00000000     0.00000000     0.00000000     0.00000000     0.00000000     0.00000000     0.00875686     0.00129019
      52      0.37123243     0.08327602  -120.22922341    60.84693461     0.00000000     0.00000000     0.00000000     0.00000000     0.00000000     0.00000000     0.00000000     0.00000000     0.00000000     0.00000000     0.00865000     0.00126980
      53      0.37026909     0.08171035  -117.61430418    59.75504138     0.00000000     0.00000000     0.00000000     0.00000000     0.00000000     0.00000000     0.00000000     0.00000000     0.00000000     0.00000000     0.00877358     0.00125184
      54      0.36746620     0.08024525  -115.55525244    58.68393143     0.00000000     0.00000000     0.00000000     0.00000000     0.00000000     0.00000000     0.00000000     0.00000000     0.00000000     0.00000000     0.00882593     0.00122975
      55      0.36092915     0.07905206  -114.60904077    57.62457865     0.00000000     0.00000000     0.00000000     0.00000000     0.00000000     0.00000000     0.00000000     0.00000000     0.00000000     0.00000000     0.00882182     0.00120740
      56      0.33333499     0.08231570  -130.63999706    58.78316747     0.00000000     0.00000000     0.00000000     0.00000000     0.00000000     0.00000000     0.00000000     0.00000000     0.00000000     0.00000000     0.00868571     0.00119349
      57      0.33332648     0.08087157  -128.08634954    57.80732476     0.00000000     0.00000000     0.00000000     0.00000000     0.00000000     0.00000000     0.00000000     0.00000000     0.00000000     0.00000000     0.00869825     0.00117261
      58      0.34189131     0.07992948  -127.68986310    56.81200643     0.00000000     0.00000000     0.00000000     0.00000000     0.00000000     0.00000000     0.00000000     0.00000000     0.00000000     0.00000000     0.00852414     0.00116525
      59      0.34054394     0.07858610  -125.56008674    55.88899749     0.00000000     0.00000000     0.00000000     0.00000000     0.00000000     0.00000000     0.00000000     0.00000000     0.00000000     0.00000000     0.00864068     0.00115131
      60      0.33952687     0.07728291  -123.54381123    54.99387218     0.00000000     0.00000000     0.00000000     0.00000000     0.00000000     0.00000000     0.00000000     0.00000000     0.00000000     0.00000000     0.00888333     0.00115741
      61      0.34040295     0.07602094  -121.50713288    54.13003398     0.00000000     0.00000000     0.00000000     0.00000000     0.00000000     0.00000000     0.00000000     0.00000000     0.00000000     0.00000000     0.00886557     0.00113858
      62      0.33949469     0.07480023  -119.52177478    53.29336553     0.00000000     0.00000000     0.00000000     0.00000000     0.00000000     0.00000000     0.00000000     0.00000000     0.00000000     0.00000000     0.00887742     0.00112027
      63      0.33972329     0.07361327  -117.88880308    52.47245122     0.00000000     0.00000000     0.00000000     0.00000000     0.00000000     0.00000000     0.00000000     0.00000000     0.00000000     0.00000000     0.00878095     0.00110664
      64      0.33951353     0.07246336  -116.05609279    51.68456489     0.00000000     0.00000000     0.00000000     0.00000000     0.00000000     0.00000000     0.00000000     0.00000000     0.00000000     0.00000000     0.00890625     0.00109642
      65      0.27597634     0.09521282  -210.97161159   107.05180628     0.00000000     0.00000000     0.00000000     0.00000000     0.00000000     0.00000000     0.00000000     0.00000000     0.00000000     0.00000000     0.00877846     0.00108697
      66      0.27707125     0.09377650  -207.75249103   105.47819868     0.00000000     0.00000000     0.00000000     0.00000000     0.00000000     0.00000000     0.00000000     0.00000000     0.00000000     0.00000000     0.00892727     0.00108064
      67      0.28080658     0.09245121  -204.18226839   103.96430204     0.00000000     0.00000000     0.00000000     0.00000000     0.00000000     0.00000000     0.00000000     0.00000000     0.00000000     0.00000000     0.00886269     0.00106644
      68      0.28137985     0.09109342  -201.15348581   102.47952437     0.00000000     0.00000000     0.00000000     0.00000000     0.00000000     0.00000000     0.00000000     0.00000000     0.00000000     0.00000000     0.00882941     0.00105127
      69      0.28268473     0.08978257  -198.12462627   101.03906407     0.00000000     0.00000000     0.00000000     0.00000000     0.00000000     0.00000000     0.00000000     0.00000000     0.00000000     0.00000000     0.00891594     0.00103959
      70      0.28643859     0.08857840  -195.16481018    99.63899154     0.00000000     0.00000000     0.00000000     0.00000000     0.00000000     0.00000000     0.00000000     0.00000000     0.00000000     0.00000000     0.00875429     0.00103723
      71      0.28315826     0.08739154  -192.56593310    98.26951279     0.00000000     0.00000000     0.00000000     0.00000000     0.00000000     0.00000000     0.00000000     0.00000000     0.00000000     0.00000000     0.00871549     0.00102335
      72      0.27164975     0.08693223  -196.90442708    97.00038110     0.00000000     0.00000000     0.00000000     0.00000000     0.00000000     0.00000000     0.00000000     0.00000000     0.00000000     0.00000000     0.00858333     0.00101764
      73      0.27286453     0.08574987  -194.11645136    95.71166624     0.00000000     0.00000000     0.00000000     0.00000000     0.00000000     0.00000000     0.00000000     0.00000000     0.00000000     0.00000000     0.00866027     0.00100660
      74      0.26926654     0.08466654  -192.22747697    94.43690399     0.00000000     0.00000000     0.00000000     0.00000000     0.00000000     0.00000000     0.00000000     0.00000000     0.00000000     0.00000000     0.00871351     0.00099440
      75      0.30521168     0.09084803  -217.81915505    96.58309245     0.00000000     0.00000000     0.00000000     0.00000000     0.00000000     0.00000000     0.00000000     0.00000000     0.00000000     0.00000000     0.00861067     0.00098645
      76      0.30499107     0.08965293  -215.10455953    95.35040331     0.00000000     0.00000000     0.00000000     0.00000000     0.00000000     0.00000000     0.00000000     0.00000000     0.00000000     0.00000000     0.00888421     0.00101069
      77      0.30522080     0.08848890  -212.27559476    94.15404351     0.00000000     0.00000000     0.00000000     0.00000000     0.00000000     0.00000000     0.00000000     0.00000000     0.00000000     0.00000000     0.00893506     0.00099884
      78      0.30550028     0.08735487  -209.55518857    92.98623262     0.00000000     0.00000000     0.00000000     0.00000000     0.00000000     0.00000000     0.00000000     0.00000000     0.00000000     0.00000000     0.00906667     0.00099466
      79      0.30569742     0.08624933  -206.89762873    91.84716057     0.00000000     0.00000000     0.00000000     0.00000000     0.00000000     0.00000000     0.00000000     0.00000000     0.00000000     0.00000000     0.00909114     0.00098238
      80      0.30637431     0.08517387  -204.16986808    90.73956779     0.00000000     0.00000000     0.00000000     0.00000000     0.00000000     0.00000000     0.00000000     0.00000000     0.00000000     0.00000000     0.00914750     0.00097171
      81      0.30603315     0.08412302  -201.62140073    89.65510657     0.00000000     0.00000000     0.00000000     0.00000000     0.00000000     0.00000000     0.00000000     0.00000000     0.00000000     0.00000000     0.00927407     0.00096792
      82      0.30708233     0.08310368  -198.94817415    88.60159615     0.00000000     0.00000000     0.00000000     0.00000000     0.00000000     0.00000000     0.00000000     0.00000000     0.00000000     0.00000000     0.00938780     0.00096278
      83      0.30880226     0.08212022  -196.59770023    87.56527885     0.00000000     0.00000000     0.00000000     0.00000000     0.00000000     0.00000000     0.00000000     0.00000000     0.00000000     0.00000000     0.00918554     0.00097219
      84      0.30834906     0.08114385  -194.30911261    86.55273691     0.00000000     0.00000000     0.00000000     0.00000000     0.00000000     0.00000000     0.00000000     0.00000000     0.00000000     0.00000000     0.00921190     0.00096098
      85      0.30771949     0.08019166  -191.94205895    85.56683052     0.00000000     0.00000000     0.00000000     0.00000000     0.00000000     0.00000000     0.00000000     0.00000000     0.00000000     0.00000000     0.00921412     0.00094967
      86      0.24432811     0.10126086  -321.89137610   154.41135757     0.00000000     0.00000000     0.00000000     0.00000000     0.00000000     0.00000000     0.00000000     0.00000000     0.00000000     0.00000000     0.00911163     0.00094414
      87      0.24453772     0.10009716  -318.19832494   152.68067128     0.00000000     0.00000000     0.00000000     0.00000000     0.00000000     0.00000000     0.00000000     0.00000000     0.00000000     0.00000000     0.00910115     0.00093335
      88      0.24810008     0.09902306  -314.50514644   150.99032402     0.00000000     0.00000000     0.00000000     0.00000000     0.00000000     0.00000000     0.00000000     0.00000000     0.00000000     0.00000000     0.00879091     0.00097294
      89      0.25020519     0.09793282  -310.85796402   149.33784601     0.00000000     0.00000000     0.00000000     0.00000000     0.00000000     0.00000000     0.00000000     0.00000000     0.00000000     0.00000000     0.00886067     0.00096451
      90      0.25474836     0.09695000  -307.13731998   147.72487791     0.00000000     0.00000000     0.00000000     0.00000000     0.00000000     0.00000000     0.00000000     0.00000000     0.00000000     0.00000000     0.00878444     0.00095680
      91      0.25223786     0.09591711  -304.35607283   146.12770682     0.00000000     0.00000000     0.00000000     0.00000000     0.00000000     0.00000000     0.00000000     0.00000000     0.00000000     0.00000000     0.00876264     0.00094653
      92      0.25635432     0.09496283  -301.50201392   144.56723118     0.00000000     0.00000000     0.00000000     0.00000000     0.00000000     0.00000000     0.00000000     0.00000000     0.00000000     0.00000000     0.00859130     0.00095162
      93      0.25991322     0.09400838  -298.47400309   143.04445268     0.00000000     0.00000000     0.00000000     0.00000000     0.00000000     0.00000000     0.00000000     0.00000000     0.00000000     0.00000000     0.00834409     0.00097297
      94      0.26033161     0.09300923  -295.68333328   141.54992231     0.00000000     0.00000000     0.00000000     0.00000000     0.00000000     0.00000000     0.00000000     0.00000000     0.00000000     0.00000000     0.00822128     0.00097034
      95      0.25949129     0.09203398  -292.69177432   140.09153182     0.00000000     0.00000000     0.00000000     0.00000000     0.00000000     0.00000000     0.00000000     0.00000000     0.00000000     0.00000000     0.00823158     0.00096018
      96      0.25941624     0.09107532  -289.65020984   138.66525920     0.00000000     0.00000000     0.00000000     0.00000000     0.00000000     0.00000000     0.00000000     0.00000000     0.00000000     0.00000000     0.00825625     0.00095050
      97      0.26138415     0.09015766  -286.49378877   137.27164037     0.00000000     0.00000000     0.00000000     0.00000000     0.00000000     0.00000000     0.00000000     0.00000000     0.00000000     0.00000000     0.00827423     0.00094087
      98      0.27408106     0.09012730  -288.13927360   135.88077126     0.00000000     0.00000000     0.00000000     0.00000000     0.00000000     0.00000000     0.00000000     0.00000000     0.00000000     0.00000000     0.00817347     0.00093665
      99      0.28115850     0.08949438  -287.01218872   134.51291253     0.00000000     0.00000000     0.00000000     0.00000000     0.00000000     0.00000000     0.00000000     0.00000000     0.00000000     0.00000000     0.00804242     0.00093631
     100      0.29273503     0.08934504  -288.38718025   133.17481080     0.00000000     0.00000000     0.00000000     0.00000000     0.00000000     0.00000000     0.00000000     0.00000000     0.00000000     0.00000000     0.00793600     0.00093297
  
  ==========================================
  RSSE: Resummation-based SSE
  Lattice:    3 x    1
  beta =   11.000
  N =    2.000
   Mode: RSSE local updates (uncolored loops)
  ==========================================
  
  RSSE Results for SU(N) Heisenberg
  Cut-off M :           61
  Bins completed :          100
  =========================================
  -E/N        :      0.29273503     0.08934504
   C/N        :   -288.38718025   133.17481080
   <m**2>     :      0.00000000     0.00000000
   rhos_x     :      0.00000000     0.00000000
   rhos_y     :      0.00000000     0.00000000
   rhos_av    :      0.00000000     0.00000000
   X(0,0)     :      0.00000000     0.00000000
   <sign>     :      0.00793600     0.00093297
  =========================================
 # RSSE per-bin table
  cols: bin, -E/N,err, C/N,err, <m^2>,err, rhos_x,err, rhos_y,err, rhos_av,err, X(0,0),err
        <sign>_mean, <sign>_err
       1      0.58763228     0.00000000    -6.27782502     0.00000000     0.00000000     0.00000000     0.00000000     0.00000000     0.00000000     0.00000000     0.00000000     0.00000000     0.00000000     0.00000000     0.00840000     0.00000000
       2      0.40376984     0.13001037   -62.27895881    39.59878145     0.00000000     0.00000000     0.00000000     0.00000000     0.00000000     0.00000000     0.00000000     0.00000000     0.00000000     0.00000000     0.00360000     0.00339411
       3      0.40232570     0.08668160   -36.18089856    33.92623773     0.00000000     0.00000000     0.00000000     0.00000000     0.00000000     0.00000000     0.00000000     0.00000000     0.00000000     0.00000000     0.00766667     0.00401811
       4      0.39209864     0.06561174   -24.92612524    27.24764386     0.00000000     0.00000000     0.00000000     0.00000000     0.00000000     0.00000000     0.00000000     0.00000000     0.00000000     0.00000000     0.01255000     0.00519296
       5      1.85534558     1.30981999 -4561.82423352  4057.98357732     0.00000000     0.00000000     0.00000000     0.00000000     0.00000000     0.00000000     0.00000000     0.00000000     0.00000000     0.00000000     0.01008000     0.00470527
       6      1.38639910     1.17246221 -3858.64519460  3442.03827965     0.00000000     0.00000000     0.00000000     0.00000000     0.00000000     0.00000000     0.00000000     0.00000000     0.00000000     0.00000000     0.00846667     0.00418852
       7      1.24283636     1.01371881 -3307.97724939  2994.04329879     0.00000000     0.00000000     0.00000000     0.00000000     0.00000000     0.00000000     0.00000000     0.00000000     0.00000000     0.00000000     0.00971429     0.00377140
       8      1.14560116     0.89165513 -2894.64186000  2648.16520369     0.00000000     0.00000000     0.00000000     0.00000000     0.00000000     0.00000000     0.00000000     0.00000000     0.00000000     0.00000000     0.01065000     0.00341408
       9      1.08694704     0.79450916 -2575.94118382  2373.02458785     0.00000000     0.00000000     0.00000000     0.00000000     0.00000000     0.00000000     0.00000000     0.00000000     0.00000000     0.00000000     0.00811111     0.00386515
      10      1.04841694     0.71599191 -2322.96041706  2149.16457120     0.00000000     0.00000000     0.00000000     0.00000000     0.00000000     0.00000000     0.00000000     0.00000000     0.00000000     0.00000000     0.00622000     0.00391402
      11      0.99664437     0.65277086 -2111.56426144  1964.15513395     0.00000000     0.00000000     0.00000000     0.00000000     0.00000000     0.00000000     0.00000000     0.00000000     0.00000000     0.00000000     0.00667273     0.00358429
      12      0.95394446     0.59976823 -1936.13562781  1808.29277862     0.00000000     0.00000000     0.00000000     0.00000000     0.00000000     0.00000000     0.00000000     0.00000000     0.00000000     0.00000000     0.00500000     0.00365513
      13      0.90389033     0.55571694 -1789.69374903  1675.11252694     0.00000000     0.00000000     0.00000000     0.00000000     0.00000000     0.00000000     0.00000000     0.00000000     0.00000000     0.00000000     0.00452308     0.00340494
      14      0.86239903     0.51756948 -1661.68854856  1560.34478230     0.00000000     0.00000000     0.00000000     0.00000000     0.00000000     0.00000000     0.00000000     0.00000000     0.00000000     0.00000000     0.00575714     0.00337797
      15      0.79484684     0.48745331 -1559.79123347  1459.64517418     0.00000000     0.00000000     0.00000000     0.00000000     0.00000000     0.00000000     0.00000000     0.00000000     0.00000000     0.00000000     0.00566667     0.00315398
      16      0.76341925     0.45799947 -1460.39206395  1371.79762672     0.00000000     0.00000000     0.00000000     0.00000000     0.00000000     0.00000000     0.00000000     0.00000000     0.00000000     0.00000000     0.00582500     0.00296083
      17      0.74514623     0.43142270 -1374.90919745  1293.76431768     0.00000000     0.00000000     0.00000000     0.00000000     0.00000000     0.00000000     0.00000000     0.00000000     0.00000000     0.00000000     0.00489412     0.00292935
      18      0.69981403     0.40982951 -1303.75734388  1223.84349175     0.00000000     0.00000000     0.00000000     0.00000000     0.00000000     0.00000000     0.00000000     0.00000000     0.00000000     0.00000000     0.00506667     0.00277168
      19      0.68134045     0.38867568 -1235.18928432  1161.34991309     0.00000000     0.00000000     0.00000000     0.00000000     0.00000000     0.00000000     0.00000000     0.00000000     0.00000000     0.00000000     0.00608421     0.00280638
      20      0.66646669     0.36952638 -1173.25944323  1104.93241087     0.00000000     0.00000000     0.00000000     0.00000000     0.00000000     0.00000000     0.00000000     0.00000000     0.00000000     0.00000000     0.00672000     0.00273713
      21      0.68162171     0.35224051 -1128.18204911  1053.23568075     0.00000000     0.00000000     0.00000000     0.00000000     0.00000000     0.00000000     0.00000000     0.00000000     0.00000000     0.00000000     0.00630476     0.00263810
      22      0.66013143     0.33688451 -1077.76893244  1006.56712023     0.00000000     0.00000000     0.00000000     0.00000000     0.00000000     0.00000000     0.00000000     0.00000000     0.00000000     0.00000000     0.00677273     0.00255935
      23      0.65085437     0.32236506 -1030.94783957   963.89167333     0.00000000     0.00000000     0.00000000     0.00000000     0.00000000     0.00000000     0.00000000     0.00000000     0.00000000     0.00000000     0.00726087     0.00249420
      24      0.64864726     0.30894074  -986.47234222   924.75503617     0.00000000     0.00000000     0.00000000     0.00000000     0.00000000     0.00000000     0.00000000     0.00000000     0.00000000     0.00000000     0.00713333     0.00239353
      25      0.63873962     0.29674194  -946.65399767   888.62167558     0.00000000     0.00000000     0.00000000     0.00000000     0.00000000     0.00000000     0.00000000     0.00000000     0.00000000     0.00000000     0.00636000     0.00241949
      26      0.63072317     0.28543705  -909.57570724   855.21712631     0.00000000     0.00000000     0.00000000     0.00000000     0.00000000     0.00000000     0.00000000     0.00000000     0.00000000     0.00000000     0.00655385     0.00233419
      27      0.62353675     0.27495576  -875.68796007   824.21354088     0.00000000     0.00000000     0.00000000     0.00000000     0.00000000     0.00000000     0.00000000     0.00000000     0.00000000     0.00000000     0.00720000     0.00233546
      28      0.59233901     0.26689996  -844.41339007   795.37047441     0.00000000     0.00000000     0.00000000     0.00000000     0.00000000     0.00000000     0.00000000     0.00000000     0.00000000     0.00000000     0.00694286     0.00226616
      29      0.58471209     0.25780546  -815.00103031   768.48754029     0.00000000     0.00000000     0.00000000     0.00000000     0.00000000     0.00000000     0.00000000     0.00000000     0.00000000     0.00000000     0.00702759     0.00218960
      30      0.57945008     0.24926564  -787.30748979   743.37010952     0.00000000     0.00000000     0.00000000     0.00000000     0.00000000     0.00000000     0.00000000     0.00000000     0.00000000     0.00000000     0.00719333     0.00212288
      31      0.57239310     0.24132469  -762.04314817   719.81962030     0.00000000     0.00000000     0.00000000     0.00000000     0.00000000     0.00000000     0.00000000     0.00000000     0.00000000     0.00000000     0.00738065     0.00206265
      32      0.56273738     0.23397638  -738.22723751   697.71913185     0.00000000     0.00000000     0.00000000     0.00000000     0.00000000     0.00000000     0.00000000     0.00000000     0.00000000     0.00000000     0.00751250     0.00200240
      33      0.57337543     0.22712790  -719.40227780   676.83003563     0.00000000     0.00000000     0.00000000     0.00000000     0.00000000     0.00000000     0.00000000     0.00000000     0.00000000     0.00000000     0.00710909     0.00198194
      34      0.57134572     0.22045673  -698.92206075   657.23305254     0.00000000     0.00000000     0.00000000     0.00000000     0.00000000     0.00000000     0.00000000     0.00000000     0.00000000     0.00000000     0.00669412     0.00196661
      35      0.57550766     0.21419725  -679.60378907   638.73881645     0.00000000     0.00000000     0.00000000     0.00000000     0.00000000     0.00000000     0.00000000     0.00000000     0.00000000     0.00000000     0.00641143     0.00193063
      36      0.57363069     0.20825555  -660.81958518   621.27221562     0.00000000     0.00000000     0.00000000     0.00000000     0.00000000     0.00000000     0.00000000     0.00000000     0.00000000     0.00000000     0.00576667     0.00198175
      37      0.54097250     0.20517174  -653.59313243   604.52310117     0.00000000     0.00000000     0.00000000     0.00000000     0.00000000     0.00000000     0.00000000     0.00000000     0.00000000     0.00000000     0.00566486     0.00193080
      38      0.53280681     0.19993491  -637.02684879   588.84154505     0.00000000     0.00000000     0.00000000     0.00000000     0.00000000     0.00000000     0.00000000     0.00000000     0.00000000     0.00000000     0.00563684     0.00188019
      39      0.52979137     0.19483111  -620.74728165   573.96803851     0.00000000     0.00000000     0.00000000     0.00000000     0.00000000     0.00000000     0.00000000     0.00000000     0.00000000     0.00000000     0.00597949     0.00186294
      40      0.52413587     0.19004240  -604.92963419   559.83674974     0.00000000     0.00000000     0.00000000     0.00000000     0.00000000     0.00000000     0.00000000     0.00000000     0.00000000     0.00000000     0.00604000     0.00181735
      41      0.49915695     0.18704161  -599.68473796   546.20676303     0.00000000     0.00000000     0.00000000     0.00000000     0.00000000     0.00000000     0.00000000     0.00000000     0.00000000     0.00000000     0.00587805     0.00178023
      42      0.49779767     0.18259318  -585.29225943   533.39142638     0.00000000     0.00000000     0.00000000     0.00000000     0.00000000     0.00000000     0.00000000     0.00000000     0.00000000     0.00000000     0.00626667     0.00177975
      43      0.49583233     0.17835740  -571.74482732   521.15898957     0.00000000     0.00000000     0.00000000     0.00000000     0.00000000     0.00000000     0.00000000     0.00000000     0.00000000     0.00000000     0.00594884     0.00176651
      44      0.48493478     0.17463643  -557.70244593   509.50361461     0.00000000     0.00000000     0.00000000     0.00000000     0.00000000     0.00000000     0.00000000     0.00000000     0.00000000     0.00000000     0.00589091     0.00172731
      45      0.48028556     0.17081749  -545.26575183   498.33307527     0.00000000     0.00000000     0.00000000     0.00000000     0.00000000     0.00000000     0.00000000     0.00000000     0.00000000     0.00000000     0.00588000     0.00168896
      46      0.48003961     0.16710425  -533.41872325   487.64054878     0.00000000     0.00000000     0.00000000     0.00000000     0.00000000     0.00000000     0.00000000     0.00000000     0.00000000     0.00000000     0.00595652     0.00165398
      47      0.47732513     0.16357088  -521.77557614   477.40419649     0.00000000     0.00000000     0.00000000     0.00000000     0.00000000     0.00000000     0.00000000     0.00000000     0.00000000     0.00000000     0.00608936     0.00162411
      48      0.44567947     0.16319565  -524.23800626   467.46462624     0.00000000     0.00000000     0.00000000     0.00000000     0.00000000     0.00000000     0.00000000     0.00000000     0.00000000     0.00000000     0.00597500     0.00159430
      49      0.44617606     0.15986588  -513.22778078   458.05417576     0.00000000     0.00000000     0.00000000     0.00000000     0.00000000     0.00000000     0.00000000     0.00000000     0.00000000     0.00000000     0.00603265     0.00156281
      50      0.43961618     0.15680310  -503.46050561   448.99721596     0.00000000     0.00000000     0.00000000     0.00000000     0.00000000     0.00000000     0.00000000     0.00000000     0.00000000     0.00000000     0.00613200     0.00153470
      51      0.43352733     0.15384670  -494.37289771   440.28530500     0.00000000     0.00000000     0.00000000     0.00000000     0.00000000     0.00000000     0.00000000     0.00000000     0.00000000     0.00000000     0.00614510     0.00150467
      52      0.43502823     0.15089543  -484.85936086   431.92105032     0.00000000     0.00000000     0.00000000     0.00000000     0.00000000     0.00000000     0.00000000     0.00000000     0.00000000     0.00000000     0.00623462     0.00147839
      53      0.43043276     0.14811831  -475.82992131   423.86596761     0.00000000     0.00000000     0.00000000     0.00000000     0.00000000     0.00000000     0.00000000     0.00000000     0.00000000     0.00000000     0.00638113     0.00145774
      54      0.43877801     0.14561028  -469.00292648   416.07157368     0.00000000     0.00000000     0.00000000     0.00000000     0.00000000     0.00000000     0.00000000     0.00000000     0.00000000     0.00000000     0.00614444     0.00144983
      55      0.43731142     0.14297020  -460.09884393   408.60190017     0.00000000     0.00000000     0.00000000     0.00000000     0.00000000     0.00000000     0.00000000     0.00000000     0.00000000     0.00000000     0.00621818     0.00142535
      56      0.43891311     0.14042614  -451.33683213   401.39937246     0.00000000     0.00000000     0.00000000     0.00000000     0.00000000     0.00000000     0.00000000     0.00000000     0.00000000     0.00000000     0.00604286     0.00141063
      57      0.43456685     0.13802976  -444.42113102   394.41684894     0.00000000     0.00000000     0.00000000     0.00000000     0.00000000     0.00000000     0.00000000     0.00000000     0.00000000     0.00000000     0.00599649     0.00138665
      58      0.44698401     0.13620732  -443.52412113   387.61757846     0.00000000     0.00000000     0.00000000     0.00000000     0.00000000     0.00000000     0.00000000     0.00000000     0.00000000     0.00000000     0.00586897     0.00136859
      59      0.44370867     0.13393809  -436.16788248   381.11758625     0.00000000     0.00000000     0.00000000     0.00000000     0.00000000     0.00000000     0.00000000     0.00000000     0.00000000     0.00000000     0.00594576     0.00134755
      60      0.43957208     0.13176966  -429.18033482   374.82967712     0.00000000     0.00000000     0.00000000     0.00000000     0.00000000     0.00000000     0.00000000     0.00000000     0.00000000     0.00000000     0.00610667     0.00133466
      61      0.43265872     0.12979073  -423.00695920   368.73576199     0.00000000     0.00000000     0.00000000     0.00000000     0.00000000     0.00000000     0.00000000     0.00000000     0.00000000     0.00000000     0.00612131     0.00131286
      62      0.43105302     0.12770726  -416.06898375   362.85367612     0.00000000     0.00000000     0.00000000     0.00000000     0.00000000     0.00000000     0.00000000     0.00000000     0.00000000     0.00000000     0.00621935     0.00129534
      63      0.42763414     0.12572592  -409.55319255   357.15259145     0.00000000     0.00000000     0.00000000     0.00000000     0.00000000     0.00000000     0.00000000     0.00000000     0.00000000     0.00000000     0.00623492     0.00127488
      64      0.43084520     0.12380245  -403.57009514   351.62219371     0.00000000     0.00000000     0.00000000     0.00000000     0.00000000     0.00000000     0.00000000     0.00000000     0.00000000     0.00000000     0.00595625     0.00128505
      65      0.45748909     0.12473190  -417.67864522   346.49555285     0.00000000     0.00000000     0.00000000     0.00000000     0.00000000     0.00000000     0.00000000     0.00000000     0.00000000     0.00000000     0.00584308     0.00127026
      66      0.45880961     0.12284902  -411.57835336   341.29931591     0.00000000     0.00000000     0.00000000     0.00000000     0.00000000     0.00000000     0.00000000     0.00000000     0.00000000     0.00000000     0.00588182     0.00125160
      67      0.55374445     0.15337160  -674.46648739   425.57335110     0.00000000     0.00000000     0.00000000     0.00000000     0.00000000     0.00000000     0.00000000     0.00000000     0.00000000     0.00000000     0.00579701     0.00123579
      68      0.55427036     0.15111704  -664.74962970   419.42583435     0.00000000     0.00000000     0.00000000     0.00000000     0.00000000     0.00000000     0.00000000     0.00000000     0.00000000     0.00000000     0.00587059     0.00121980
      69      0.54983786     0.14899193  -655.18021749   413.45635014     0.00000000     0.00000000     0.00000000     0.00000000     0.00000000     0.00000000     0.00000000     0.00000000     0.00000000     0.00000000     0.00593913     0.00120405
      70      0.53713846     0.14740370  -648.60880202   407.60205007     0.00000000     0.00000000     0.00000000     0.00000000     0.00000000     0.00000000     0.00000000     0.00000000     0.00000000     0.00000000     0.00588857     0.00118791
      71      0.53485065     0.14534534  -639.48942476   401.96317818     0.00000000     0.00000000     0.00000000     0.00000000     0.00000000     0.00000000     0.00000000     0.00000000     0.00000000     0.00000000     0.00607042     0.00118502
      72      0.53675377     0.14333912  -631.17723440   396.46629077     0.00000000     0.00000000     0.00000000     0.00000000     0.00000000     0.00000000     0.00000000     0.00000000     0.00000000     0.00000000     0.00596389     0.00117334
      73      0.53355008     0.14141136  -622.74378095   391.12493173     0.00000000     0.00000000     0.00000000     0.00000000     0.00000000     0.00000000     0.00000000     0.00000000     0.00000000     0.00000000     0.00573973     0.00117848
      74      0.52381024     0.13983542  -616.13532900   385.89528389     0.00000000     0.00000000     0.00000000     0.00000000     0.00000000     0.00000000     0.00000000     0.00000000     0.00000000     0.00000000     0.00572432     0.00116266
      75      0.52177786     0.13798571  -607.81988386   380.83959537     0.00000000     0.00000000     0.00000000     0.00000000     0.00000000     0.00000000     0.00000000     0.00000000     0.00000000     0.00000000     0.00596533     0.00117187
      76      0.52035650     0.13617743  -599.97489115   375.90933969     0.00000000     0.00000000     0.00000000     0.00000000     0.00000000     0.00000000     0.00000000     0.00000000     0.00000000     0.00000000     0.00605000     0.00115950
      77      0.51742764     0.13444039  -592.14264272   371.10898554     0.00000000     0.00000000     0.00000000     0.00000000     0.00000000     0.00000000     0.00000000     0.00000000     0.00000000     0.00000000     0.00611948     0.00114652
      78      0.51606216     0.13272373  -584.78239094   366.42415917     0.00000000     0.00000000     0.00000000     0.00000000     0.00000000     0.00000000     0.00000000     0.00000000     0.00000000     0.00000000     0.00589231     0.00115411
      79      0.51476200     0.13105005  -577.35129923   361.86122219     0.00000000     0.00000000     0.00000000     0.00000000     0.00000000     0.00000000     0.00000000     0.00000000     0.00000000     0.00000000     0.00598734     0.00114341
      80      0.51367222     0.12941645  -570.02150939   357.41218460     0.00000000     0.00000000     0.00000000     0.00000000     0.00000000     0.00000000     0.00000000     0.00000000     0.00000000     0.00000000     0.00605250     0.00113097
      81      0.51375110     0.12781874  -563.11740042   353.06636532     0.00000000     0.00000000     0.00000000     0.00000000     0.00000000     0.00000000     0.00000000     0.00000000     0.00000000     0.00000000     0.00575556     0.00115533
      82      0.50605384     0.12649153  -557.79984461   348.80071967     0.00000000     0.00000000     0.00000000     0.00000000     0.00000000     0.00000000     0.00000000     0.00000000     0.00000000     0.00000000     0.00573902     0.00114136
      83      0.50201948     0.12503186  -551.45009696   344.65609355     0.00000000     0.00000000     0.00000000     0.00000000     0.00000000     0.00000000     0.00000000     0.00000000     0.00000000     0.00000000     0.00578795     0.00112866
      84      0.50019870     0.12355664  -545.08401997   340.61183304     0.00000000     0.00000000     0.00000000     0.00000000     0.00000000     0.00000000     0.00000000     0.00000000     0.00000000     0.00000000     0.00561190     0.00112887
      85      0.49711221     0.12214158  -539.12185401   336.65681268     0.00000000     0.00000000     0.00000000     0.00000000     0.00000000     0.00000000     0.00000000     0.00000000     0.00000000     0.00000000     0.00560235     0.00111563
      86      0.49231429     0.12081552  -533.35792768   332.79153722     0.00000000     0.00000000     0.00000000     0.00000000     0.00000000     0.00000000     0.00000000     0.00000000     0.00000000     0.00000000     0.00564884     0.00110362
      87      0.49586781     0.11947909  -528.03363499   329.00893575     0.00000000     0.00000000     0.00000000     0.00000000     0.00000000     0.00000000     0.00000000     0.00000000     0.00000000     0.00000000     0.00554483     0.00109583
      88      0.49478542     0.11812627  -521.91503074   325.32708694     0.00000000     0.00000000     0.00000000     0.00000000     0.00000000     0.00000000     0.00000000     0.00000000     0.00000000     0.00000000     0.00568636     0.00109248
      89      0.47603939     0.11827711  -528.68611654   321.74218256     0.00000000     0.00000000     0.00000000     0.00000000     0.00000000     0.00000000     0.00000000     0.00000000     0.00000000     0.00000000     0.00558652     0.00108476
      90      0.48325006     0.11718251  -525.50781401   318.18296733     0.00000000     0.00000000     0.00000000     0.00000000     0.00000000     0.00000000     0.00000000     0.00000000     0.00000000     0.00000000     0.00549111     0.00107689
      91      0.48754628     0.11597352  -520.79535541   314.72134627     0.00000000     0.00000000     0.00000000     0.00000000     0.00000000     0.00000000     0.00000000     0.00000000     0.00000000     0.00000000     0.00535385     0.00107377
      92      0.48107852     0.11489314  -516.91878197   311.32433596     0.00000000     0.00000000     0.00000000     0.00000000     0.00000000     0.00000000     0.00000000     0.00000000     0.00000000     0.00000000     0.00534565     0.00106213
      93      0.47960245     0.11366722  -511.35209171   308.02652654     0.00000000     0.00000000     0.00000000     0.00000000     0.00000000     0.00000000     0.00000000     0.00000000     0.00000000     0.00000000     0.00542796     0.00105389
      94      0.48087014     0.11246506  -506.44912532   304.78866722     0.00000000     0.00000000     0.00000000     0.00000000     0.00000000     0.00000000     0.00000000     0.00000000     0.00000000     0.00000000     0.00533191     0.00104705
      95      0.48254916     0.11129375  -501.22849297   301.62507345     0.00000000     0.00000000     0.00000000     0.00000000     0.00000000     0.00000000     0.00000000     0.00000000     0.00000000     0.00000000     0.00533474     0.00103603
      96      0.48182171     0.11013682  -495.94688095   298.52938391     0.00000000     0.00000000     0.00000000     0.00000000     0.00000000     0.00000000     0.00000000     0.00000000     0.00000000     0.00000000     0.00553542     0.00104449
      97      0.47427716     0.10925949  -490.83402651   295.49554158     0.00000000     0.00000000     0.00000000     0.00000000     0.00000000     0.00000000     0.00000000     0.00000000     0.00000000     0.00000000     0.00547835     0.00103528
      98      0.47327559     0.10814918  -485.81898148   292.52283464     0.00000000     0.00000000     0.00000000     0.00000000     0.00000000     0.00000000     0.00000000     0.00000000     0.00000000     0.00000000     0.00570000     0.00104818
      99      0.47241091     0.10706023  -480.84487696   289.61034567     0.00000000     0.00000000     0.00000000     0.00000000     0.00000000     0.00000000     0.00000000     0.00000000     0.00000000     0.00000000     0.00591919     0.00106026
     100      0.47004005     0.10601587  -476.12371074   286.75272136     0.00000000     0.00000000     0.00000000     0.00000000     0.00000000     0.00000000     0.00000000     0.00000000     0.00000000     0.00000000     0.00596600     0.00105069
  
  ==========================================
  RSSE: Resummation-based SSE
  Lattice:    3 x    1
  beta =   12.000
  N =    2.000
   Mode: RSSE local updates (uncolored loops)
  ==========================================
  
  RSSE Results for SU(N) Heisenberg
  Cut-off M :           65
  Bins completed :          100
  =========================================
  -E/N        :      0.47004005     0.10601587
   C/N        :   -476.12371074   286.75272136
   <m**2>     :      0.00000000     0.00000000
   rhos_x     :      0.00000000     0.00000000
   rhos_y     :      0.00000000     0.00000000
   rhos_av    :      0.00000000     0.00000000
   X(0,0)     :      0.00000000     0.00000000
   <sign>     :      0.00596600     0.00105069
  =========================================
 # RSSE per-bin table
  cols: bin, -E/N,err, C/N,err, <m^2>,err, rhos_x,err, rhos_y,err, rhos_av,err, X(0,0),err
        <sign>_mean, <sign>_err
       1      0.49156746     0.00000000     8.17166241     0.00000000     0.00000000     0.00000000     0.00000000     0.00000000     0.00000000     0.00000000     0.00000000     0.00000000     0.00000000     0.00000000     0.01680000     0.00000000
       2      0.08407738     0.28813900  -122.19733206    92.18480005     0.00000000     0.00000000     0.00000000     0.00000000     0.00000000     0.00000000     0.00000000     0.00000000     0.00000000     0.00000000     0.00910000     0.00544472
       3      0.18750352     0.20983542   -77.73751328    71.37709121     0.00000000     0.00000000     0.00000000     0.00000000     0.00000000     0.00000000     0.00000000     0.00000000     0.00000000     0.00000000     0.01233333     0.00448834
       4      0.58738690     0.38039114  -279.78461644   182.98370575     0.00000000     0.00000000     0.00000000     0.00000000     0.00000000     0.00000000     0.00000000     0.00000000     0.00000000     0.00000000     0.00895000     0.00446283
       5      0.54960470     0.30618352  -224.13474931   154.61781778     0.00000000     0.00000000     0.00000000     0.00000000     0.00000000     0.00000000     0.00000000     0.00000000     0.00000000     0.00000000     0.01168000     0.00432540
       6      0.51012716     0.25768537  -191.24627510   132.29977444     0.00000000     0.00000000     0.00000000     0.00000000     0.00000000     0.00000000     0.00000000     0.00000000     0.00000000     0.00000000     0.01070000     0.00371386
       7      0.46965926     0.22402825  -164.88579787   115.99622015     0.00000000     0.00000000     0.00000000     0.00000000     0.00000000     0.00000000     0.00000000     0.00000000     0.00000000     0.00000000     0.01140000     0.00324861
       8      0.34575123     0.22772734  -185.85120482   103.37399754     0.00000000     0.00000000     0.00000000     0.00000000     0.00000000     0.00000000     0.00000000     0.00000000     0.00000000     0.00000000     0.01020000     0.00305614
       9      0.34613779     0.20242463  -165.28950636    93.91065780     0.00000000     0.00000000     0.00000000     0.00000000     0.00000000     0.00000000     0.00000000     0.00000000     0.00000000     0.00000000     0.01091111     0.00279808
      10      0.35512190     0.18238142  -148.84746124    85.94689173     0.00000000     0.00000000     0.00000000     0.00000000     0.00000000     0.00000000     0.00000000     0.00000000     0.00000000     0.00000000     0.01192000     0.00269402
      11      0.39141072     0.16937306  -141.99264582    78.40641914     0.00000000     0.00000000     0.00000000     0.00000000     0.00000000     0.00000000     0.00000000     0.00000000     0.00000000     0.00000000     0.01007273     0.00301668
      12      0.42970138     0.15952817  -135.87119624    72.11111590     0.00000000     0.00000000     0.00000000     0.00000000     0.00000000     0.00000000     0.00000000     0.00000000     0.00000000     0.00000000     0.00866667     0.00307556
      13      0.35942296     0.16199903  -152.65218172    68.48883238     0.00000000     0.00000000     0.00000000     0.00000000     0.00000000     0.00000000     0.00000000     0.00000000     0.00000000     0.00000000     0.00829231     0.00286167
      14      0.33540333     0.15219795  -146.12335270    63.90720185     0.00000000     0.00000000     0.00000000     0.00000000     0.00000000     0.00000000     0.00000000     0.00000000     0.00000000     0.00000000     0.00825714     0.00265748
      15      0.35084643     0.14283276  -137.76721004    60.19054348     0.00000000     0.00000000     0.00000000     0.00000000     0.00000000     0.00000000     0.00000000     0.00000000     0.00000000     0.00000000     0.00809333     0.00248536
      16      0.36138380     0.13429384  -132.66696775    56.64430673     0.00000000     0.00000000     0.00000000     0.00000000     0.00000000     0.00000000     0.00000000     0.00000000     0.00000000     0.00000000     0.00740000     0.00242481
      17      0.36758838     0.12653745  -125.03850931    53.82351125     0.00000000     0.00000000     0.00000000     0.00000000     0.00000000     0.00000000     0.00000000     0.00000000     0.00000000     0.00000000     0.00830588     0.00244554
      18      0.35670665     0.11997458  -119.04203259    51.16625954     0.00000000     0.00000000     0.00000000     0.00000000     0.00000000     0.00000000     0.00000000     0.00000000     0.00000000     0.00000000     0.00821111     0.00231151
      19      0.35729352     0.11366156  -112.92255934    48.83787134     0.00000000     0.00000000     0.00000000     0.00000000     0.00000000     0.00000000     0.00000000     0.00000000     0.00000000     0.00000000     0.00888421     0.00228575
      20      0.36336046     0.10814028  -107.78372921    46.66555421     0.00000000     0.00000000     0.00000000     0.00000000     0.00000000     0.00000000     0.00000000     0.00000000     0.00000000     0.00000000     0.00857000     0.00219296
      21      0.36499357     0.10300307  -102.32223274    44.76183678     0.00000000     0.00000000     0.00000000     0.00000000     0.00000000     0.00000000     0.00000000     0.00000000     0.00000000     0.00000000     0.00950476     0.00227906
      22      0.36295872     0.09834121   -97.92299474    42.94284445     0.00000000     0.00000000     0.00000000     0.00000000     0.00000000     0.00000000     0.00000000     0.00000000     0.00000000     0.00000000     0.00842727     0.00241679
      23      0.46110705     0.13439712  -190.58978885    99.50376604     0.00000000     0.00000000     0.00000000     0.00000000     0.00000000     0.00000000     0.00000000     0.00000000     0.00000000     0.00000000     0.00803478     0.00234337
      24      0.45043350     0.12922038  -183.42281800    95.61553559     0.00000000     0.00000000     0.00000000     0.00000000     0.00000000     0.00000000     0.00000000     0.00000000     0.00000000     0.00000000     0.00841667     0.00227663
      25      0.40061061     0.13331098  -202.62666917    93.69956407     0.00000000     0.00000000     0.00000000     0.00000000     0.00000000     0.00000000     0.00000000     0.00000000     0.00000000     0.00000000     0.00817600     0.00219825
      26      0.39629581     0.12825345  -195.28927947    90.38256486     0.00000000     0.00000000     0.00000000     0.00000000     0.00000000     0.00000000     0.00000000     0.00000000     0.00000000     0.00000000     0.00832308     0.00211862
      27      0.42637127     0.12698071  -195.51004689    87.03533208     0.00000000     0.00000000     0.00000000     0.00000000     0.00000000     0.00000000     0.00000000     0.00000000     0.00000000     0.00000000     0.00811852     0.00205000
      28      0.42094036     0.12256177  -188.10256116    84.24155927     0.00000000     0.00000000     0.00000000     0.00000000     0.00000000     0.00000000     0.00000000     0.00000000     0.00000000     0.00000000     0.00802857     0.00197876
      29      0.41887728     0.11835287  -181.47441642    81.59701324     0.00000000     0.00000000     0.00000000     0.00000000     0.00000000     0.00000000     0.00000000     0.00000000     0.00000000     0.00000000     0.00835862     0.00193785
      30      0.41746998     0.11441614  -175.43903186    79.10000376     0.00000000     0.00000000     0.00000000     0.00000000     0.00000000     0.00000000     0.00000000     0.00000000     0.00000000     0.00000000     0.00852667     0.00188053
      31      0.42095661     0.11077841  -170.06171255    76.73095156     0.00000000     0.00000000     0.00000000     0.00000000     0.00000000     0.00000000     0.00000000     0.00000000     0.00000000     0.00000000     0.00857419     0.00182047
      32      0.42705885     0.10748452  -163.62044453    74.60297927     0.00000000     0.00000000     0.00000000     0.00000000     0.00000000     0.00000000     0.00000000     0.00000000     0.00000000     0.00000000     0.00842500     0.00176968
      33      0.42762496     0.10422891  -158.39331501    72.52517367     0.00000000     0.00000000     0.00000000     0.00000000     0.00000000     0.00000000     0.00000000     0.00000000     0.00000000     0.00000000     0.00862424     0.00172724
      34      0.42492990     0.10119819  -153.31487810    70.56966026     0.00000000     0.00000000     0.00000000     0.00000000     0.00000000     0.00000000     0.00000000     0.00000000     0.00000000     0.00000000     0.00864706     0.00167659
      35      0.34453508     0.12626516  -238.18683396   108.15270812     0.00000000     0.00000000     0.00000000     0.00000000     0.00000000     0.00000000     0.00000000     0.00000000     0.00000000     0.00000000     0.00842286     0.00164361
      36      0.34707986     0.12278343  -231.26772760   105.36955988     0.00000000     0.00000000     0.00000000     0.00000000     0.00000000     0.00000000     0.00000000     0.00000000     0.00000000     0.00000000     0.00861667     0.00160934
      37      0.35072196     0.11951897  -225.14445408   102.69949875     0.00000000     0.00000000     0.00000000     0.00000000     0.00000000     0.00000000     0.00000000     0.00000000     0.00000000     0.00000000     0.00845405     0.00157403
      38      0.35246204     0.11638640  -218.95846678   100.18301008     0.00000000     0.00000000     0.00000000     0.00000000     0.00000000     0.00000000     0.00000000     0.00000000     0.00000000     0.00000000     0.00864211     0.00154380
      39      0.33073758     0.11541184  -220.21196897    97.62205662     0.00000000     0.00000000     0.00000000     0.00000000     0.00000000     0.00000000     0.00000000     0.00000000     0.00000000     0.00000000     0.00846154     0.00151474
      40      0.33049423     0.11252680  -214.71800552    95.33597420     0.00000000     0.00000000     0.00000000     0.00000000     0.00000000     0.00000000     0.00000000     0.00000000     0.00000000     0.00000000     0.00874000     0.00150225
      41      0.33395101     0.10983533  -209.84849985    93.13498415     0.00000000     0.00000000     0.00000000     0.00000000     0.00000000     0.00000000     0.00000000     0.00000000     0.00000000     0.00000000     0.00812195     0.00158767
      42      0.33569603     0.10723407  -204.74644464    91.05712589     0.00000000     0.00000000     0.00000000     0.00000000     0.00000000     0.00000000     0.00000000     0.00000000     0.00000000     0.00000000     0.00806190     0.00155100
      43      0.33716064     0.10475025  -200.31972328    89.04705532     0.00000000     0.00000000     0.00000000     0.00000000     0.00000000     0.00000000     0.00000000     0.00000000     0.00000000     0.00000000     0.00766977     0.00156372
      44      0.33719203     0.10236957  -195.90011495    87.13286720     0.00000000     0.00000000     0.00000000     0.00000000     0.00000000     0.00000000     0.00000000     0.00000000     0.00000000     0.00000000     0.00800455     0.00156360
      45      0.33815298     0.10009920  -191.43546841    85.31088776     0.00000000     0.00000000     0.00000000     0.00000000     0.00000000     0.00000000     0.00000000     0.00000000     0.00000000     0.00000000     0.00823556     0.00154583
      46      0.33694112     0.09793047  -186.75591314    83.58454845     0.00000000     0.00000000     0.00000000     0.00000000     0.00000000     0.00000000     0.00000000     0.00000000     0.00000000     0.00000000     0.00808261     0.00151977
      47      0.36602117     0.10007134  -204.97938859    83.76918291     0.00000000     0.00000000     0.00000000     0.00000000     0.00000000     0.00000000     0.00000000     0.00000000     0.00000000     0.00000000     0.00792340     0.00149575
      48      0.36920013     0.09803700  -200.97731035    82.11953573     0.00000000     0.00000000     0.00000000     0.00000000     0.00000000     0.00000000     0.00000000     0.00000000     0.00000000     0.00000000     0.00734167     0.00157365
      49      0.46758002     0.13676272  -396.81016192   209.85475803     0.00000000     0.00000000     0.00000000     0.00000000     0.00000000     0.00000000     0.00000000     0.00000000     0.00000000     0.00000000     0.00717959     0.00154986
      50      0.46532719     0.13404602  -389.05502864   205.80090755     0.00000000     0.00000000     0.00000000     0.00000000     0.00000000     0.00000000     0.00000000     0.00000000     0.00000000     0.00000000     0.00714400     0.00151927
      51      0.46617851     0.13142037  -381.63218153   201.89941524     0.00000000     0.00000000     0.00000000     0.00000000     0.00000000     0.00000000     0.00000000     0.00000000     0.00000000     0.00000000     0.00710980     0.00148987
      52      0.46693367     0.12889522  -374.39415200   198.14643223     0.00000000     0.00000000     0.00000000     0.00000000     0.00000000     0.00000000     0.00000000     0.00000000     0.00000000     0.00000000     0.00677692     0.00149794
      53      0.45128107     0.12741009  -372.06667867   194.42148934     0.00000000     0.00000000     0.00000000     0.00000000     0.00000000     0.00000000     0.00000000     0.00000000     0.00000000     0.00000000     0.00668302     0.00147262
      54      0.46044920     0.12538007  -368.16913438   190.86015419     0.00000000     0.00000000     0.00000000     0.00000000     0.00000000     0.00000000     0.00000000     0.00000000     0.00000000     0.00000000     0.00645185     0.00146338
      55      0.46225732     0.12311347  -361.93476778   187.49176340     0.00000000     0.00000000     0.00000000     0.00000000     0.00000000     0.00000000     0.00000000     0.00000000     0.00000000     0.00000000     0.00616000     0.00146559
      56      0.45697891     0.12102812  -355.86466071   184.24193084     0.00000000     0.00000000     0.00000000     0.00000000     0.00000000     0.00000000     0.00000000     0.00000000     0.00000000     0.00000000     0.00618571     0.00143964
      57      0.46178895     0.11900036  -349.55686233   181.11756254     0.00000000     0.00000000     0.00000000     0.00000000     0.00000000     0.00000000     0.00000000     0.00000000     0.00000000     0.00000000     0.00617544     0.00141442
      58      0.46588438     0.11701908  -344.23585117   178.07299117     0.00000000     0.00000000     0.00000000     0.00000000     0.00000000     0.00000000     0.00000000     0.00000000     0.00000000     0.00000000     0.00594138     0.00140927
      59      0.46589550     0.11503571  -338.23568535   175.15586344     0.00000000     0.00000000     0.00000000     0.00000000     0.00000000     0.00000000     0.00000000     0.00000000     0.00000000     0.00000000     0.00591525     0.00138563
      60      0.46588834     0.11311845  -332.61902290   172.32662931     0.00000000     0.00000000     0.00000000     0.00000000     0.00000000     0.00000000     0.00000000     0.00000000     0.00000000     0.00000000     0.00594000     0.00136275
      61      0.46395965     0.11128049  -327.01028840   169.59285210     0.00000000     0.00000000     0.00000000     0.00000000     0.00000000     0.00000000     0.00000000     0.00000000     0.00000000     0.00000000     0.00597705     0.00134092
      62      0.46140110     0.10951505  -321.72491432   166.93982274     0.00000000     0.00000000     0.00000000     0.00000000     0.00000000     0.00000000     0.00000000     0.00000000     0.00000000     0.00000000     0.00627742     0.00135251
      63      0.45196622     0.10818237  -318.59067002   164.31940389     0.00000000     0.00000000     0.00000000     0.00000000     0.00000000     0.00000000     0.00000000     0.00000000     0.00000000     0.00000000     0.00628254     0.00133105
      64      0.44939133     0.10652266  -313.69171803   161.82492441     0.00000000     0.00000000     0.00000000     0.00000000     0.00000000     0.00000000     0.00000000     0.00000000     0.00000000     0.00000000     0.00650313     0.00132841
      65      0.44929534     0.10488389  -308.34906584   159.42347966     0.00000000     0.00000000     0.00000000     0.00000000     0.00000000     0.00000000     0.00000000     0.00000000     0.00000000     0.00000000     0.00653538     0.00130836
      66      0.44686160     0.10332297  -303.69986773   157.07574905     0.00000000     0.00000000     0.00000000     0.00000000     0.00000000     0.00000000     0.00000000     0.00000000     0.00000000     0.00000000     0.00670303     0.00129924
      67      0.44881876     0.10179937  -299.33780724   154.79189117     0.00000000     0.00000000     0.00000000     0.00000000     0.00000000     0.00000000     0.00000000     0.00000000     0.00000000     0.00000000     0.00644776     0.00130468
      68      0.45610737     0.10056291  -297.84958785   152.52269377     0.00000000     0.00000000     0.00000000     0.00000000     0.00000000     0.00000000     0.00000000     0.00000000     0.00000000     0.00000000     0.00631765     0.00129197
      69      0.45332160     0.09914405  -293.27787154   150.38072067     0.00000000     0.00000000     0.00000000     0.00000000     0.00000000     0.00000000     0.00000000     0.00000000     0.00000000     0.00000000     0.00635072     0.00127366
      70      0.45321368     0.09772777  -289.08584019   148.29084194     0.00000000     0.00000000     0.00000000     0.00000000     0.00000000     0.00000000     0.00000000     0.00000000     0.00000000     0.00000000     0.00596000     0.00131403
      71      0.45194906     0.09635950  -284.84806362   146.26277846     0.00000000     0.00000000     0.00000000     0.00000000     0.00000000     0.00000000     0.00000000     0.00000000     0.00000000     0.00000000     0.00601127     0.00129653
      72      0.45202166     0.09502120  -281.07433312   144.28002583     0.00000000     0.00000000     0.00000000     0.00000000     0.00000000     0.00000000     0.00000000     0.00000000     0.00000000     0.00000000     0.00599444     0.00127863
      73      0.45259596     0.09372128  -277.04894447   142.35972988     0.00000000     0.00000000     0.00000000     0.00000000     0.00000000     0.00000000     0.00000000     0.00000000     0.00000000     0.00000000     0.00601918     0.00126135
      74      0.44652919     0.09265092  -274.04670149   140.46760353     0.00000000     0.00000000     0.00000000     0.00000000     0.00000000     0.00000000     0.00000000     0.00000000     0.00000000     0.00000000     0.00604054     0.00124449
      75      0.44326991     0.09147289  -270.60541492   138.63684942     0.00000000     0.00000000     0.00000000     0.00000000     0.00000000     0.00000000     0.00000000     0.00000000     0.00000000     0.00000000     0.00606667     0.00122817
      76      0.44151376     0.09028615  -267.05510547   136.85813221     0.00000000     0.00000000     0.00000000     0.00000000     0.00000000     0.00000000     0.00000000     0.00000000     0.00000000     0.00000000     0.00630526     0.00123497
      77      0.44847545     0.08938160  -266.52441338   135.08178279     0.00000000     0.00000000     0.00000000     0.00000000     0.00000000     0.00000000     0.00000000     0.00000000     0.00000000     0.00000000     0.00618961     0.00122433
      78      0.43932163     0.08870318  -265.25356464   133.35594300     0.00000000     0.00000000     0.00000000     0.00000000     0.00000000     0.00000000     0.00000000     0.00000000     0.00000000     0.00000000     0.00615385     0.00120916
      79      0.44290767     0.08765281  -262.28531665   131.70092270     0.00000000     0.00000000     0.00000000     0.00000000     0.00000000     0.00000000     0.00000000     0.00000000     0.00000000     0.00000000     0.00598734     0.00120526
      80      0.43859030     0.08666341  -259.46484020   130.08485900     0.00000000     0.00000000     0.00000000     0.00000000     0.00000000     0.00000000     0.00000000     0.00000000     0.00000000     0.00000000     0.00603000     0.00119095
      81      0.43453075     0.08568852  -256.77943497   128.50658816     0.00000000     0.00000000     0.00000000     0.00000000     0.00000000     0.00000000     0.00000000     0.00000000     0.00000000     0.00000000     0.00603210     0.00117625
      82      0.42882509     0.08483329  -254.35220609   126.96235529     0.00000000     0.00000000     0.00000000     0.00000000     0.00000000     0.00000000     0.00000000     0.00000000     0.00000000     0.00000000     0.00600732     0.00116217
      83      0.43778647     0.08428319  -253.75262210   125.43410413     0.00000000     0.00000000     0.00000000     0.00000000     0.00000000     0.00000000     0.00000000     0.00000000     0.00000000     0.00000000     0.00591807     0.00115159
      84      0.43945674     0.08329636  -250.92800360   123.97264034     0.00000000     0.00000000     0.00000000     0.00000000     0.00000000     0.00000000     0.00000000     0.00000000     0.00000000     0.00000000     0.00561429     0.00117726
      85      0.43795259     0.08232999  -247.97938442   122.54919929     0.00000000     0.00000000     0.00000000     0.00000000     0.00000000     0.00000000     0.00000000     0.00000000     0.00000000     0.00000000     0.00569412     0.00116612
      86      0.43748001     0.08137402  -245.16285195   121.15657028     0.00000000     0.00000000     0.00000000     0.00000000     0.00000000     0.00000000     0.00000000     0.00000000     0.00000000     0.00000000     0.00584651     0.00116247
      87      0.43730393     0.08043887  -242.24053718   119.79920418     0.00000000     0.00000000     0.00000000     0.00000000     0.00000000     0.00000000     0.00000000     0.00000000     0.00000000     0.00000000     0.00598851     0.00115775
      88      0.43612245     0.07953347  -239.20420697   118.47632147     0.00000000     0.00000000     0.00000000     0.00000000     0.00000000     0.00000000     0.00000000     0.00000000     0.00000000     0.00000000     0.00597273     0.00114470
      89      0.43622851     0.07863991  -236.48126766   117.17641331     0.00000000     0.00000000     0.00000000     0.00000000     0.00000000     0.00000000     0.00000000     0.00000000     0.00000000     0.00000000     0.00610112     0.00113902
      90      0.43579385     0.07776733  -233.92178500   115.90240316     0.00000000     0.00000000     0.00000000     0.00000000     0.00000000     0.00000000     0.00000000     0.00000000     0.00000000     0.00000000     0.00581556     0.00116161
      91      0.43060638     0.07708557  -231.97844031   114.64504133     0.00000000     0.00000000     0.00000000     0.00000000     0.00000000     0.00000000     0.00000000     0.00000000     0.00000000     0.00000000     0.00583077     0.00114894
      92      0.42927931     0.07625910  -229.43226770   113.42717025     0.00000000     0.00000000     0.00000000     0.00000000     0.00000000     0.00000000     0.00000000     0.00000000     0.00000000     0.00000000     0.00590000     0.00113854
      93      0.42745114     0.07546102  -228.12694264   112.21503388     0.00000000     0.00000000     0.00000000     0.00000000     0.00000000     0.00000000     0.00000000     0.00000000     0.00000000     0.00000000     0.00581720     0.00112930
      94      0.42580469     0.07467621  -225.64072320   111.04879566     0.00000000     0.00000000     0.00000000     0.00000000     0.00000000     0.00000000     0.00000000     0.00000000     0.00000000     0.00000000     0.00581915     0.00111729
      95      0.43265294     0.07420349  -226.13770681   109.88097306     0.00000000     0.00000000     0.00000000     0.00000000     0.00000000     0.00000000     0.00000000     0.00000000     0.00000000     0.00000000     0.00574526     0.00110797
      96      0.43155596     0.07343864  -223.78921167   108.76147398     0.00000000     0.00000000     0.00000000     0.00000000     0.00000000     0.00000000     0.00000000     0.00000000     0.00000000     0.00000000     0.00557917     0.00110881
      97      0.42435510     0.07303372  -223.42990309   107.64081518     0.00000000     0.00000000     0.00000000     0.00000000     0.00000000     0.00000000     0.00000000     0.00000000     0.00000000     0.00000000     0.00558763     0.00109741
      98      0.41832427     0.07253706  -223.03652437   106.54315833     0.00000000     0.00000000     0.00000000     0.00000000     0.00000000     0.00000000     0.00000000     0.00000000     0.00000000     0.00000000     0.00550816     0.00108909
      99      0.42313757     0.07196388  -222.29893630   105.46951790     0.00000000     0.00000000     0.00000000     0.00000000     0.00000000     0.00000000     0.00000000     0.00000000     0.00000000     0.00000000     0.00542424     0.00108131
     100      0.42187523     0.07125531  -220.19424847   104.43582057     0.00000000     0.00000000     0.00000000     0.00000000     0.00000000     0.00000000     0.00000000     0.00000000     0.00000000     0.00000000     0.00549200     0.00107262
  
  ==========================================
  RSSE: Resummation-based SSE
  Lattice:    3 x    1
  beta =   12.000
  N =    2.000
   Mode: RSSE local updates (uncolored loops)
  ==========================================
  
  RSSE Results for SU(N) Heisenberg
  Cut-off M :           62
  Bins completed :          100
  =========================================
  -E/N        :      0.42187523     0.07125531
   C/N        :   -220.19424847   104.43582057
   <m**2>     :      0.00000000     0.00000000
   rhos_x     :      0.00000000     0.00000000
   rhos_y     :      0.00000000     0.00000000
   rhos_av    :      0.00000000     0.00000000
   X(0,0)     :      0.00000000     0.00000000
   <sign>     :      0.00549200     0.00107262
  =========================================
 # RSSE per-bin table
  cols: bin, -E/N,err, C/N,err, <m^2>,err, rhos_x,err, rhos_y,err, rhos_av,err, X(0,0),err
        <sign>_mean, <sign>_err
       1     -0.11904762     0.00000000   -94.66213152     0.00000000     0.00000000     0.00000000     0.00000000     0.00000000     0.00000000     0.00000000     0.00000000     0.00000000     0.00000000     0.00000000     0.00420000     0.00000000
       2      0.10834018     0.16078745   -50.05644230    31.54098533     0.00000000     0.00000000     0.00000000     0.00000000     0.00000000     0.00000000     0.00000000     0.00000000     0.00000000     0.00000000     0.01080000     0.00466690
       3      0.19720189     0.12943847   -34.83691215    24.42480435     0.00000000     0.00000000     0.00000000     0.00000000     0.00000000     0.00000000     0.00000000     0.00000000     0.00000000     0.00000000     0.01960000     0.00782986
       4      0.24842225     0.10673306   -14.22981953    25.57460509     0.00000000     0.00000000     0.00000000     0.00000000     0.00000000     0.00000000     0.00000000     0.00000000     0.00000000     0.00000000     0.01570000     0.00677440
       5     -0.07209553     0.29912567  -233.78802229   197.44174379     0.00000000     0.00000000     0.00000000     0.00000000     0.00000000     0.00000000     0.00000000     0.00000000     0.00000000     0.00000000     0.01280000     0.00600826
       6      0.15393554     0.32359120  -250.19995889   165.21548258     0.00000000     0.00000000     0.00000000     0.00000000     0.00000000     0.00000000     0.00000000     0.00000000     0.00000000     0.00000000     0.01030000     0.00550247
       7      0.18194475     0.27857345  -219.60758381   144.41784106     0.00000000     0.00000000     0.00000000     0.00000000     0.00000000     0.00000000     0.00000000     0.00000000     0.00000000     0.00000000     0.00811429     0.00513219
       8      0.17579116     0.24381972  -195.87165641   128.30135461     0.00000000     0.00000000     0.00000000     0.00000000     0.00000000     0.00000000     0.00000000     0.00000000     0.00000000     0.00000000     0.00822500     0.00449186
       9      0.17908852     0.21675094  -175.04577609   115.72353448     0.00000000     0.00000000     0.00000000     0.00000000     0.00000000     0.00000000     0.00000000     0.00000000     0.00000000     0.00000000     0.00871111     0.00401898
      10      0.21556563     0.19812145  -158.74184483   105.29342271     0.00000000     0.00000000     0.00000000     0.00000000     0.00000000     0.00000000     0.00000000     0.00000000     0.00000000     0.00000000     0.00746000     0.00380684
      11      0.24712316     0.18260641  -146.21147304    96.46399622     0.00000000     0.00000000     0.00000000     0.00000000     0.00000000     0.00000000     0.00000000     0.00000000     0.00000000     0.00000000     0.00614545     0.00368074
      12      0.27430255     0.16939984  -136.26980979    88.93615261     0.00000000     0.00000000     0.00000000     0.00000000     0.00000000     0.00000000     0.00000000     0.00000000     0.00000000     0.00000000     0.00466667     0.00365903
      13      0.27881732     0.15642924  -126.53548802    82.62591775     0.00000000     0.00000000     0.00000000     0.00000000     0.00000000     0.00000000     0.00000000     0.00000000     0.00000000     0.00000000     0.00556923     0.00348711
      14      0.26739386     0.14567223  -121.27339126    76.89144430     0.00000000     0.00000000     0.00000000     0.00000000     0.00000000     0.00000000     0.00000000     0.00000000     0.00000000     0.00000000     0.00552857     0.00323827
      15      0.43313242     0.21005549  -268.53884573   159.34733023     0.00000000     0.00000000     0.00000000     0.00000000     0.00000000     0.00000000     0.00000000     0.00000000     0.00000000     0.00000000     0.00521333     0.00303769
      16      0.42067561     0.19729604  -251.60120377   150.28560977     0.00000000     0.00000000     0.00000000     0.00000000     0.00000000     0.00000000     0.00000000     0.00000000     0.00000000     0.00000000     0.00595000     0.00293580
      17      0.41431234     0.18579298  -223.33667218   144.07865129     0.00000000     0.00000000     0.00000000     0.00000000     0.00000000     0.00000000     0.00000000     0.00000000     0.00000000     0.00000000     0.00564706     0.00277869
      18      0.47617153     0.18548341  -243.56102372   137.48640289     0.00000000     0.00000000     0.00000000     0.00000000     0.00000000     0.00000000     0.00000000     0.00000000     0.00000000     0.00000000     0.00524444     0.00265333
      19      0.46808639     0.17589725  -231.66008730   130.76433942     0.00000000     0.00000000     0.00000000     0.00000000     0.00000000     0.00000000     0.00000000     0.00000000     0.00000000     0.00000000     0.00567368     0.00254816
      20      0.47378561     0.16719469  -221.13620828   124.64888257     0.00000000     0.00000000     0.00000000     0.00000000     0.00000000     0.00000000     0.00000000     0.00000000     0.00000000     0.00000000     0.00594000     0.00243463
      21      0.49472256     0.16053860  -216.89916426   118.78521212     0.00000000     0.00000000     0.00000000     0.00000000     0.00000000     0.00000000     0.00000000     0.00000000     0.00000000     0.00000000     0.00553333     0.00235241
      22      0.48899366     0.15334358  -206.12663776   113.87331209     0.00000000     0.00000000     0.00000000     0.00000000     0.00000000     0.00000000     0.00000000     0.00000000     0.00000000     0.00000000     0.00498182     0.00230923
      23      0.49631600     0.14685119  -190.07926382   110.04721205     0.00000000     0.00000000     0.00000000     0.00000000     0.00000000     0.00000000     0.00000000     0.00000000     0.00000000     0.00000000     0.00479130     0.00221667
      24      0.49325448     0.14076430  -182.24146185   105.74065584     0.00000000     0.00000000     0.00000000     0.00000000     0.00000000     0.00000000     0.00000000     0.00000000     0.00000000     0.00000000     0.00421667     0.00219753
      25      0.48774043     0.13524168  -174.78761747   101.77340780     0.00000000     0.00000000     0.00000000     0.00000000     0.00000000     0.00000000     0.00000000     0.00000000     0.00000000     0.00000000     0.00463200     0.00214852
      26      0.51244467     0.13227716  -171.90081358    97.89997952     0.00000000     0.00000000     0.00000000     0.00000000     0.00000000     0.00000000     0.00000000     0.00000000     0.00000000     0.00000000     0.00453846     0.00206792
      27      0.50998765     0.12740083  -165.97310347    94.45334125     0.00000000     0.00000000     0.00000000     0.00000000     0.00000000     0.00000000     0.00000000     0.00000000     0.00000000     0.00000000     0.00505185     0.00205407
      28      0.52017162     0.12325716  -162.72772229    91.13574561     0.00000000     0.00000000     0.00000000     0.00000000     0.00000000     0.00000000     0.00000000     0.00000000     0.00000000     0.00000000     0.00495714     0.00198290
      29      0.51756034     0.11903457  -159.05895026    88.06694801     0.00000000     0.00000000     0.00000000     0.00000000     0.00000000     0.00000000     0.00000000     0.00000000     0.00000000     0.00000000     0.00476552     0.00192376
      30      0.51645030     0.11507193  -152.83388649    85.35111065     0.00000000     0.00000000     0.00000000     0.00000000     0.00000000     0.00000000     0.00000000     0.00000000     0.00000000     0.00000000     0.00480667     0.00186007
      31      0.51150169     0.11146628  -147.79591226    82.74640233     0.00000000     0.00000000     0.00000000     0.00000000     0.00000000     0.00000000     0.00000000     0.00000000     0.00000000     0.00000000     0.00539355     0.00189039
      32      0.50633950     0.10810243  -143.25674963    80.28498159     0.00000000     0.00000000     0.00000000     0.00000000     0.00000000     0.00000000     0.00000000     0.00000000     0.00000000     0.00000000     0.00560625     0.00184324
      33      0.50168812     0.10492662  -138.79904636    77.97575880     0.00000000     0.00000000     0.00000000     0.00000000     0.00000000     0.00000000     0.00000000     0.00000000     0.00000000     0.00000000     0.00594545     0.00181833
      34      0.47414019     0.10539480  -143.66265732    75.83388234     0.00000000     0.00000000     0.00000000     0.00000000     0.00000000     0.00000000     0.00000000     0.00000000     0.00000000     0.00000000     0.00588235     0.00176594
      35      0.47131577     0.10242136  -139.49369264    73.78170533     0.00000000     0.00000000     0.00000000     0.00000000     0.00000000     0.00000000     0.00000000     0.00000000     0.00000000     0.00000000     0.00654857     0.00183686
      36      0.47052341     0.09957939  -134.96083187    71.87131930     0.00000000     0.00000000     0.00000000     0.00000000     0.00000000     0.00000000     0.00000000     0.00000000     0.00000000     0.00000000     0.00660000     0.00178656
      37      0.47118440     0.09689025  -131.25850512    70.02414576     0.00000000     0.00000000     0.00000000     0.00000000     0.00000000     0.00000000     0.00000000     0.00000000     0.00000000     0.00000000     0.00687027     0.00175860
      38      0.46927872     0.09435924  -127.77777132    68.26785977     0.00000000     0.00000000     0.00000000     0.00000000     0.00000000     0.00000000     0.00000000     0.00000000     0.00000000     0.00000000     0.00720000     0.00174296
      39      0.46325020     0.09213215  -125.12932334    66.56875520     0.00000000     0.00000000     0.00000000     0.00000000     0.00000000     0.00000000     0.00000000     0.00000000     0.00000000     0.00000000     0.00727179     0.00169974
      40      0.46305012     0.08982907  -121.94836194    64.98049237     0.00000000     0.00000000     0.00000000     0.00000000     0.00000000     0.00000000     0.00000000     0.00000000     0.00000000     0.00000000     0.00767500     0.00170440
      41      0.45986151     0.08769469  -118.95974532    63.46429210     0.00000000     0.00000000     0.00000000     0.00000000     0.00000000     0.00000000     0.00000000     0.00000000     0.00000000     0.00000000     0.00808780     0.00171209
      42      0.45720167     0.08564705  -116.31481311    62.00832801     0.00000000     0.00000000     0.00000000     0.00000000     0.00000000     0.00000000     0.00000000     0.00000000     0.00000000     0.00000000     0.00818095     0.00167386
      43      0.45819698     0.08366104  -112.89276319    60.66062661     0.00000000     0.00000000     0.00000000     0.00000000     0.00000000     0.00000000     0.00000000     0.00000000     0.00000000     0.00000000     0.00801860     0.00164279
      44      0.45988884     0.08177676  -110.38387937    59.33383622     0.00000000     0.00000000     0.00000000     0.00000000     0.00000000     0.00000000     0.00000000     0.00000000     0.00000000     0.00000000     0.00801818     0.00160545
      45      0.45936559     0.07996117  -108.07042330    58.06039042     0.00000000     0.00000000     0.00000000     0.00000000     0.00000000     0.00000000     0.00000000     0.00000000     0.00000000     0.00000000     0.00778667     0.00158638
      46      0.45489244     0.07834790  -106.39080694    56.82249745     0.00000000     0.00000000     0.00000000     0.00000000     0.00000000     0.00000000     0.00000000     0.00000000     0.00000000     0.00000000     0.00773478     0.00155274
      47      0.45415101     0.07668443  -104.71171315    55.63831106     0.00000000     0.00000000     0.00000000     0.00000000     0.00000000     0.00000000     0.00000000     0.00000000     0.00000000     0.00000000     0.00772766     0.00151972
      48      0.44900449     0.07525934  -102.94789735    54.50713018     0.00000000     0.00000000     0.00000000     0.00000000     0.00000000     0.00000000     0.00000000     0.00000000     0.00000000     0.00000000     0.00790000     0.00149780
      49      0.44609468     0.07377967  -100.34395031    53.45690224     0.00000000     0.00000000     0.00000000     0.00000000     0.00000000     0.00000000     0.00000000     0.00000000     0.00000000     0.00000000     0.00793469     0.00146763
      50      0.45796908     0.07325340  -101.89210093    52.41017718     0.00000000     0.00000000     0.00000000     0.00000000     0.00000000     0.00000000     0.00000000     0.00000000     0.00000000     0.00000000     0.00771600     0.00145448
      51      0.45768687     0.07181760   -99.84887984    51.42233891     0.00000000     0.00000000     0.00000000     0.00000000     0.00000000     0.00000000     0.00000000     0.00000000     0.00000000     0.00000000     0.00762745     0.00142866
      52      0.45910472     0.07045049   -98.00734465    50.46641150     0.00000000     0.00000000     0.00000000     0.00000000     0.00000000     0.00000000     0.00000000     0.00000000     0.00000000     0.00000000     0.00715769     0.00147640
      53      0.46250607     0.06920329   -96.83761736    49.52776937     0.00000000     0.00000000     0.00000000     0.00000000     0.00000000     0.00000000     0.00000000     0.00000000     0.00000000     0.00000000     0.00680755     0.00148948
      54      0.45898720     0.06801116   -95.69608062    48.62374198     0.00000000     0.00000000     0.00000000     0.00000000     0.00000000     0.00000000     0.00000000     0.00000000     0.00000000     0.00000000     0.00683704     0.00146219
      55      0.46117917     0.06680990   -93.74483207    47.77880926     0.00000000     0.00000000     0.00000000     0.00000000     0.00000000     0.00000000     0.00000000     0.00000000     0.00000000     0.00000000     0.00687273     0.00143604
      56      0.46129369     0.06561697   -92.21483176    46.95010712     0.00000000     0.00000000     0.00000000     0.00000000     0.00000000     0.00000000     0.00000000     0.00000000     0.00000000     0.00000000     0.00664286     0.00142868
      57      0.45934940     0.06449459   -90.51920450    46.15703010     0.00000000     0.00000000     0.00000000     0.00000000     0.00000000     0.00000000     0.00000000     0.00000000     0.00000000     0.00000000     0.00679649     0.00141185
      58      0.45653162     0.06344414   -88.75865734    45.39478271     0.00000000     0.00000000     0.00000000     0.00000000     0.00000000     0.00000000     0.00000000     0.00000000     0.00000000     0.00000000     0.00684828     0.00138846
      59      0.44455651     0.06348891   -87.25427331    44.65030031     0.00000000     0.00000000     0.00000000     0.00000000     0.00000000     0.00000000     0.00000000     0.00000000     0.00000000     0.00000000     0.00673220     0.00136977
      60      0.44775232     0.06251114   -86.07992846    43.92156911     0.00000000     0.00000000     0.00000000     0.00000000     0.00000000     0.00000000     0.00000000     0.00000000     0.00000000     0.00000000     0.00647667     0.00137056
      61      0.47083675     0.06561043   -99.85476655    45.31014150     0.00000000     0.00000000     0.00000000     0.00000000     0.00000000     0.00000000     0.00000000     0.00000000     0.00000000     0.00000000     0.00634426     0.00135448
      62      0.46952094     0.06456539   -98.19314928    44.60978984     0.00000000     0.00000000     0.00000000     0.00000000     0.00000000     0.00000000     0.00000000     0.00000000     0.00000000     0.00000000     0.00672903     0.00138620
      63      0.47029229     0.06354515   -96.76123194    43.92467329     0.00000000     0.00000000     0.00000000     0.00000000     0.00000000     0.00000000     0.00000000     0.00000000     0.00000000     0.00000000     0.00640317     0.00140198
      64      0.47122339     0.06255908   -94.86268829    43.27936093     0.00000000     0.00000000     0.00000000     0.00000000     0.00000000     0.00000000     0.00000000     0.00000000     0.00000000     0.00000000     0.00620000     0.00139472
      65      0.46949944     0.06162038   -93.42200539    42.63749658     0.00000000     0.00000000     0.00000000     0.00000000     0.00000000     0.00000000     0.00000000     0.00000000     0.00000000     0.00000000     0.00641231     0.00138932
      66      0.46853234     0.06069433   -92.10823772    42.01170926     0.00000000     0.00000000     0.00000000     0.00000000     0.00000000     0.00000000     0.00000000     0.00000000     0.00000000     0.00000000     0.00667879     0.00139360
      67      0.45110538     0.06224005   -97.98735744    41.79400652     0.00000000     0.00000000     0.00000000     0.00000000     0.00000000     0.00000000     0.00000000     0.00000000     0.00000000     0.00000000     0.00661493     0.00137426
      68      0.45155733     0.06132640   -96.75359076    41.19759526     0.00000000     0.00000000     0.00000000     0.00000000     0.00000000     0.00000000     0.00000000     0.00000000     0.00000000     0.00000000     0.00640294     0.00137030
      69      0.45019552     0.06045273   -95.19601558    40.62996195     0.00000000     0.00000000     0.00000000     0.00000000     0.00000000     0.00000000     0.00000000     0.00000000     0.00000000     0.00000000     0.00652754     0.00135609
      70      0.49336733     0.07340329  -155.28686615    71.85604398     0.00000000     0.00000000     0.00000000     0.00000000     0.00000000     0.00000000     0.00000000     0.00000000     0.00000000     0.00000000     0.00642571     0.00134054
      71      0.49864463     0.07255889  -155.99282187    70.84745480     0.00000000     0.00000000     0.00000000     0.00000000     0.00000000     0.00000000     0.00000000     0.00000000     0.00000000     0.00000000     0.00631831     0.00132595
      72      0.48634992     0.07258529  -156.74835495    69.86749084     0.00000000     0.00000000     0.00000000     0.00000000     0.00000000     0.00000000     0.00000000     0.00000000     0.00000000     0.00000000     0.00624722     0.00130944
      73      0.48421722     0.07162230  -154.63790864    68.94226906     0.00000000     0.00000000     0.00000000     0.00000000     0.00000000     0.00000000     0.00000000     0.00000000     0.00000000     0.00000000     0.00644658     0.00130659
      74      0.48222428     0.07068215  -152.65073116    68.03924975     0.00000000     0.00000000     0.00000000     0.00000000     0.00000000     0.00000000     0.00000000     0.00000000     0.00000000     0.00000000     0.00664595     0.00130406
      75      0.49459092     0.07081330  -157.16709442    67.28178815     0.00000000     0.00000000     0.00000000     0.00000000     0.00000000     0.00000000     0.00000000     0.00000000     0.00000000     0.00000000     0.00652000     0.00129274
      76      0.49374123     0.06988664  -155.27481716    66.42310596     0.00000000     0.00000000     0.00000000     0.00000000     0.00000000     0.00000000     0.00000000     0.00000000     0.00000000     0.00000000     0.00623158     0.00130751
      77      0.49474520     0.06898624  -153.57162882    65.58230074     0.00000000     0.00000000     0.00000000     0.00000000     0.00000000     0.00000000     0.00000000     0.00000000     0.00000000     0.00000000     0.00608312     0.00129893
      78      0.49400069     0.06810582  -151.53543244    64.77310416     0.00000000     0.00000000     0.00000000     0.00000000     0.00000000     0.00000000     0.00000000     0.00000000     0.00000000     0.00000000     0.00622051     0.00128952
      79      0.49175596     0.06728070  -149.69859855    63.97923059     0.00000000     0.00000000     0.00000000     0.00000000     0.00000000     0.00000000     0.00000000     0.00000000     0.00000000     0.00000000     0.00629367     0.00127527
      80      0.49660778     0.06661440  -149.28809632    63.18080713     0.00000000     0.00000000     0.00000000     0.00000000     0.00000000     0.00000000     0.00000000     0.00000000     0.00000000     0.00000000     0.00617250     0.00126507
      81      0.49359753     0.06585998  -146.88252311    62.44657578     0.00000000     0.00000000     0.00000000     0.00000000     0.00000000     0.00000000     0.00000000     0.00000000     0.00000000     0.00000000     0.00607160     0.00125347
      82      0.49314459     0.06505837  -145.20178908    61.70764630     0.00000000     0.00000000     0.00000000     0.00000000     0.00000000     0.00000000     0.00000000     0.00000000     0.00000000     0.00000000     0.00617805     0.00124270
      83      0.49741059     0.06441424  -144.62784963    60.96684971     0.00000000     0.00000000     0.00000000     0.00000000     0.00000000     0.00000000     0.00000000     0.00000000     0.00000000     0.00000000     0.00612530     0.00122884
      84      0.49554431     0.06367444  -142.75045372    60.26995295     0.00000000     0.00000000     0.00000000     0.00000000     0.00000000     0.00000000     0.00000000     0.00000000     0.00000000     0.00000000     0.00614286     0.00121434
      85      0.49416699     0.06294022  -141.19021554    59.58108659     0.00000000     0.00000000     0.00000000     0.00000000     0.00000000     0.00000000     0.00000000     0.00000000     0.00000000     0.00000000     0.00617412     0.00120046
      86      0.49337142     0.06221339  -139.68185866    58.90737297     0.00000000     0.00000000     0.00000000     0.00000000     0.00000000     0.00000000     0.00000000     0.00000000     0.00000000     0.00000000     0.00604186     0.00119376
      87      0.49545040     0.06153302  -138.66751412    58.23900923     0.00000000     0.00000000     0.00000000     0.00000000     0.00000000     0.00000000     0.00000000     0.00000000     0.00000000     0.00000000     0.00592184     0.00118606
      88      0.49405147     0.06084968  -136.94023852    57.60281073     0.00000000     0.00000000     0.00000000     0.00000000     0.00000000     0.00000000     0.00000000     0.00000000     0.00000000     0.00000000     0.00600909     0.00117578
      89      0.49461991     0.06016863  -135.61270259    56.97088352     0.00000000     0.00000000     0.00000000     0.00000000     0.00000000     0.00000000     0.00000000     0.00000000     0.00000000     0.00000000     0.00613034     0.00116881
      90      0.49325831     0.05951549  -134.02551022    56.35997873     0.00000000     0.00000000     0.00000000     0.00000000     0.00000000     0.00000000     0.00000000     0.00000000     0.00000000     0.00000000     0.00618889     0.00115729
      91      0.50621015     0.06025429  -140.13936966    56.07126960     0.00000000     0.00000000     0.00000000     0.00000000     0.00000000     0.00000000     0.00000000     0.00000000     0.00000000     0.00000000     0.00613846     0.00114567
      92      0.50401423     0.05963936  -138.56065394    55.48401961     0.00000000     0.00000000     0.00000000     0.00000000     0.00000000     0.00000000     0.00000000     0.00000000     0.00000000     0.00000000     0.00622609     0.00113656
      93      0.50257098     0.05901553  -135.91787865    54.95032060     0.00000000     0.00000000     0.00000000     0.00000000     0.00000000     0.00000000     0.00000000     0.00000000     0.00000000     0.00000000     0.00617634     0.00112543
      94      0.50225516     0.05838855  -134.48908526    54.38431496     0.00000000     0.00000000     0.00000000     0.00000000     0.00000000     0.00000000     0.00000000     0.00000000     0.00000000     0.00000000     0.00620000     0.00111370
      95      0.49207725     0.05865430  -137.24017884    53.88138719     0.00000000     0.00000000     0.00000000     0.00000000     0.00000000     0.00000000     0.00000000     0.00000000     0.00000000     0.00000000     0.00615789     0.00110278
      96      0.48224947     0.05886091  -138.95942177    53.34754442     0.00000000     0.00000000     0.00000000     0.00000000     0.00000000     0.00000000     0.00000000     0.00000000     0.00000000     0.00000000     0.00613542     0.00109152
      97      0.48169865     0.05825667  -137.73369373    52.81164919     0.00000000     0.00000000     0.00000000     0.00000000     0.00000000     0.00000000     0.00000000     0.00000000     0.00000000     0.00000000     0.00608866     0.00108127
      98      0.48145848     0.05766271  -136.34809978    52.29092824     0.00000000     0.00000000     0.00000000     0.00000000     0.00000000     0.00000000     0.00000000     0.00000000     0.00000000     0.00000000     0.00569592     0.00113933
      99      0.47979041     0.05710438  -135.07926428    51.77812885     0.00000000     0.00000000     0.00000000     0.00000000     0.00000000     0.00000000     0.00000000     0.00000000     0.00000000     0.00000000     0.00555758     0.00113619
     100      0.47937190     0.05653487  -133.57329578    51.28224346     0.00000000     0.00000000     0.00000000     0.00000000     0.00000000     0.00000000     0.00000000     0.00000000     0.00000000     0.00000000     0.00566000     0.00112943
  
  ==========================================
  RSSE: Resummation-based SSE
  Lattice:    3 x    1
  beta =   12.000
  N =    2.000
   Mode: RSSE local updates (uncolored loops)
  ==========================================
  
  RSSE Results for SU(N) Heisenberg
  Cut-off M :           62
  Bins completed :          100
  =========================================
  -E/N        :      0.47937190     0.05653487
   C/N        :   -133.57329578    51.28224346
   <m**2>     :      0.00000000     0.00000000
   rhos_x     :      0.00000000     0.00000000
   rhos_y     :      0.00000000     0.00000000
   rhos_av    :      0.00000000     0.00000000
   X(0,0)     :      0.00000000     0.00000000
   <sign>     :      0.00566000     0.00112943
  =========================================
 # RSSE per-bin table
  cols: bin, -E/N,err, C/N,err, <m^2>,err, rhos_x,err, rhos_y,err, rhos_av,err, X(0,0),err
        <sign>_mean, <sign>_err
       1      0.71018519     0.00000000   -36.52925926     0.00000000     0.00000000     0.00000000     0.00000000     0.00000000     0.00000000     0.00000000     0.00000000     0.00000000     0.00000000     0.00000000    -0.00300000     0.00000000
       2      0.14378307     0.40050678  -162.41513983    89.01475981     0.00000000     0.00000000     0.00000000     0.00000000     0.00000000     0.00000000     0.00000000     0.00000000     0.00000000     0.00000000    -0.00080000     0.00155563
       3      0.18975376     0.26962990  -104.78324320    75.73574154     0.00000000     0.00000000     0.00000000     0.00000000     0.00000000     0.00000000     0.00000000     0.00000000     0.00000000     0.00000000     0.00206667     0.00256009
       4      0.26271463     0.21186405   -77.01775792    61.68173807     0.00000000     0.00000000     0.00000000     0.00000000     0.00000000     0.00000000     0.00000000     0.00000000     0.00000000     0.00000000    -0.00045000     0.00290463
       5      0.25171760     0.16977640   -58.71641175    51.98960451     0.00000000     0.00000000     0.00000000     0.00000000     0.00000000     0.00000000     0.00000000     0.00000000     0.00000000     0.00000000     0.00056000     0.00249313
       6      0.26825411     0.14228340   -50.97914015    43.89663856     0.00000000     0.00000000     0.00000000     0.00000000     0.00000000     0.00000000     0.00000000     0.00000000     0.00000000     0.00000000    -0.00240000     0.00340849
       7      0.29249186     0.12400445   -42.61584435    38.41412731     0.00000000     0.00000000     0.00000000     0.00000000     0.00000000     0.00000000     0.00000000     0.00000000     0.00000000     0.00000000     0.00031429     0.00385362
       8      0.35555645     0.12350342   -56.96268038    36.19245197     0.00000000     0.00000000     0.00000000     0.00000000     0.00000000     0.00000000     0.00000000     0.00000000     0.00000000     0.00000000    -0.00005000     0.00338909
       9      0.36255501     0.10997893   -48.72175085    33.09599194     0.00000000     0.00000000     0.00000000     0.00000000     0.00000000     0.00000000     0.00000000     0.00000000     0.00000000     0.00000000     0.00077778     0.00311198
      10      0.37801633     0.10006194   -45.60027181    29.93323339     0.00000000     0.00000000     0.00000000     0.00000000     0.00000000     0.00000000     0.00000000     0.00000000     0.00000000     0.00000000     0.00214000     0.00308455
      11      0.17929936     0.21017441  -233.94995249   181.63436366     0.00000000     0.00000000     0.00000000     0.00000000     0.00000000     0.00000000     0.00000000     0.00000000     0.00000000     0.00000000     0.00205455     0.00280532
      12      0.19778227     0.19347087  -215.17539518   167.46566766     0.00000000     0.00000000     0.00000000     0.00000000     0.00000000     0.00000000     0.00000000     0.00000000     0.00000000     0.00000000     0.00298333     0.00272095
      13      0.37338021     0.24567579  -342.81036478   197.31617781     0.00000000     0.00000000     0.00000000     0.00000000     0.00000000     0.00000000     0.00000000     0.00000000     0.00000000     0.00000000     0.00283077     0.00251592
      14      0.37911761     0.22819450  -315.99454507   185.03536562     0.00000000     0.00000000     0.00000000     0.00000000     0.00000000     0.00000000     0.00000000     0.00000000     0.00000000     0.00000000     0.00288571     0.00233681
      15      0.35485320     0.21426770  -298.39276610   173.53485351     0.00000000     0.00000000     0.00000000     0.00000000     0.00000000     0.00000000     0.00000000     0.00000000     0.00000000     0.00000000     0.00313333     0.00219411
      16      0.35922635     0.20092059  -279.20367871   163.74643089     0.00000000     0.00000000     0.00000000     0.00000000     0.00000000     0.00000000     0.00000000     0.00000000     0.00000000     0.00000000     0.00372500     0.00213526
      17      0.35730882     0.18911088  -263.45551753   154.86971883     0.00000000     0.00000000     0.00000000     0.00000000     0.00000000     0.00000000     0.00000000     0.00000000     0.00000000     0.00000000     0.00487059     0.00229650
      18      0.34787500     0.17883987  -251.00647129   146.76534468     0.00000000     0.00000000     0.00000000     0.00000000     0.00000000     0.00000000     0.00000000     0.00000000     0.00000000     0.00000000     0.00480000     0.00217000
      19      0.35642021     0.16963127  -237.03805955   139.70399421     0.00000000     0.00000000     0.00000000     0.00000000     0.00000000     0.00000000     0.00000000     0.00000000     0.00000000     0.00000000     0.00514737     0.00208340
      20      0.36583231     0.16141062  -225.78610531   133.17114764     0.00000000     0.00000000     0.00000000     0.00000000     0.00000000     0.00000000     0.00000000     0.00000000     0.00000000     0.00000000     0.00540000     0.00199449
  
  ==========================================
  RSSE: Resummation-based SSE
  Lattice:    3 x    1
  beta =   12.000
  N =    2.000
   Mode: RSSE local updates (uncolored loops)
  ==========================================
  
  RSSE Results for SU(N) Heisenberg
  Cut-off M :           65
  Bins completed :           20
  =========================================
  -E/N        :      0.36583231     0.16141062
   C/N        :   -225.78610531   133.17114764
   <m**2>     :      0.00000000     0.00000000
   rhos_x     :      0.00000000     0.00000000
   rhos_y     :      0.00000000     0.00000000
   rhos_av    :      0.00000000     0.00000000
   X(0,0)     :      0.00000000     0.00000000
   <sign>     :      0.00540000     0.00199449
  =========================================
 # RSSE per-bin table
  cols: bin, -E/N,err, C/N,err, <m^2>,err, rhos_x,err, rhos_y,err, rhos_av,err, X(0,0),err
        <sign>_mean, <sign>_err
       1      0.50091075     0.00000000    -7.77631461     0.00000000     0.00000000     0.00000000     0.00000000     0.00000000     0.00000000     0.00000000     0.00000000     0.00000000     0.00000000     0.00000000     0.01220000     0.00000000
       2      0.38044669     0.08518095    -8.11801570     0.24161916     0.00000000     0.00000000     0.00000000     0.00000000     0.00000000     0.00000000     0.00000000     0.00000000     0.00000000     0.00000000     0.00930000     0.00205061
       3      0.47945417     0.09879162   -16.34239456     6.71710887     0.00000000     0.00000000     0.00000000     0.00000000     0.00000000     0.00000000     0.00000000     0.00000000     0.00000000     0.00000000     0.00380000     0.00469420
       4      0.47843024     0.07409902   -10.48366463     7.15005490     0.00000000     0.00000000     0.00000000     0.00000000     0.00000000     0.00000000     0.00000000     0.00000000     0.00000000     0.00000000     0.00440000     0.00355879
       5      0.43036324     0.07322824    -2.19917660     9.36082774     0.00000000     0.00000000     0.00000000     0.00000000     0.00000000     0.00000000     0.00000000     0.00000000     0.00000000     0.00000000     0.00408000     0.00286138
       6      0.42884002     0.06103937    -1.48865642     7.82760884     0.00000000     0.00000000     0.00000000     0.00000000     0.00000000     0.00000000     0.00000000     0.00000000     0.00000000     0.00000000     0.00553333     0.00272872
       7      0.40039157     0.05857495     1.48978788     7.25393636     0.00000000     0.00000000     0.00000000     0.00000000     0.00000000     0.00000000     0.00000000     0.00000000     0.00000000     0.00000000     0.00511429     0.00237086
       8      0.40736720     0.05166677     4.86982425     7.09108178     0.00000000     0.00000000     0.00000000     0.00000000     0.00000000     0.00000000     0.00000000     0.00000000     0.00000000     0.00000000     0.00480000     0.00209523
       9      0.28424222     0.12483806   -64.88530161    66.06713068     0.00000000     0.00000000     0.00000000     0.00000000     0.00000000     0.00000000     0.00000000     0.00000000     0.00000000     0.00000000     0.00451111     0.00188224
      10      0.30661928     0.11434219   -59.19612632    59.70486837     0.00000000     0.00000000     0.00000000     0.00000000     0.00000000     0.00000000     0.00000000     0.00000000     0.00000000     0.00000000     0.00250000     0.00255143
      11      0.31084113     0.10402536   -53.83521237    54.51730065     0.00000000     0.00000000     0.00000000     0.00000000     0.00000000     0.00000000     0.00000000     0.00000000     0.00000000     0.00000000     0.00478182     0.00318015
      12      0.32353880     0.09612842   -50.31733198    50.08756417     0.00000000     0.00000000     0.00000000     0.00000000     0.00000000     0.00000000     0.00000000     0.00000000     0.00000000     0.00000000     0.00315000     0.00330741
      13      0.33004260     0.08895367   -47.64604600    46.30585277     0.00000000     0.00000000     0.00000000     0.00000000     0.00000000     0.00000000     0.00000000     0.00000000     0.00000000     0.00000000     0.00238462     0.00314031
      14      0.32657395     0.08266743   -44.10111679    43.13376887     0.00000000     0.00000000     0.00000000     0.00000000     0.00000000     0.00000000     0.00000000     0.00000000     0.00000000     0.00000000     0.00264286     0.00292660
      15      0.32862390     0.07718168   -41.56185960    40.33285724     0.00000000     0.00000000     0.00000000     0.00000000     0.00000000     0.00000000     0.00000000     0.00000000     0.00000000     0.00000000     0.00320000     0.00278402
      16      0.32359417     0.07252153   -39.85253041    37.84825750     0.00000000     0.00000000     0.00000000     0.00000000     0.00000000     0.00000000     0.00000000     0.00000000     0.00000000     0.00000000     0.00337500     0.00261551
      17      0.32689037     0.06833043   -37.41458200    35.70032177     0.00000000     0.00000000     0.00000000     0.00000000     0.00000000     0.00000000     0.00000000     0.00000000     0.00000000     0.00000000     0.00391765     0.00251732
      18      0.32897639     0.06456613   -35.04189257    33.79572459     0.00000000     0.00000000     0.00000000     0.00000000     0.00000000     0.00000000     0.00000000     0.00000000     0.00000000     0.00000000     0.00476667     0.00251657
      19      0.33221090     0.06124887   -32.87883452    32.08614964     0.00000000     0.00000000     0.00000000     0.00000000     0.00000000     0.00000000     0.00000000     0.00000000     0.00000000     0.00000000     0.00555789     0.00250542
      20      0.34711424     0.05997220   -33.09416113    30.48256467     0.00000000     0.00000000     0.00000000     0.00000000     0.00000000     0.00000000     0.00000000     0.00000000     0.00000000     0.00000000     0.00478000     0.00249800
  
  ==========================================
  RSSE: Resummation-based SSE
  Lattice:    3 x    1
  beta =   12.000
  N =    2.000
   Mode: RSSE local updates (uncolored loops)
  ==========================================
  
  RSSE Results for SU(N) Heisenberg
  Cut-off M :           62
  Bins completed :           20
  =========================================
  -E/N        :      0.34711424     0.05997220
   C/N        :    -33.09416113    30.48256467
   <m**2>     :      0.00000000     0.00000000
   rhos_x     :      0.00000000     0.00000000
   rhos_y     :      0.00000000     0.00000000
   rhos_av    :      0.00000000     0.00000000
   X(0,0)     :      0.00000000     0.00000000
   <sign>     :      0.00478000     0.00249800
  =========================================
 # RSSE per-bin table
  cols: bin, -E/N,err, C/N,err, <m^2>,err, rhos_x,err, rhos_y,err, rhos_av,err, X(0,0),err
        <sign>_mean, <sign>_err
       1      0.35613599     0.00000000    23.32761565     0.00000000     0.00000000     0.00000000     0.00000000     0.00000000     0.00000000     0.00000000     0.00000000     0.00000000     0.00000000     0.00000000     0.01340000     0.00000000
       2      0.40629622     0.03546864    20.17092981     2.23211396     0.00000000     0.00000000     0.00000000     0.00000000     0.00000000     0.00000000     0.00000000     0.00000000     0.00000000     0.00000000     0.01410000     0.00049497
       3      0.42942896     0.03026336     5.50666154    12.06544153     0.00000000     0.00000000     0.00000000     0.00000000     0.00000000     0.00000000     0.00000000     0.00000000     0.00000000     0.00000000     0.00806667     0.00493724
       4      0.98278601     0.47975847  -558.46694262   488.49928916     0.00000000     0.00000000     0.00000000     0.00000000     0.00000000     0.00000000     0.00000000     0.00000000     0.00000000     0.00000000     0.00570000     0.00423232
       5      0.82540505     0.40880638  -452.29787039   402.17122354     0.00000000     0.00000000     0.00000000     0.00000000     0.00000000     0.00000000     0.00000000     0.00000000     0.00000000     0.00000000     0.00688000     0.00354654
       6      0.77382327     0.34391079  -377.72768737   341.98617955     0.00000000     0.00000000     0.00000000     0.00000000     0.00000000     0.00000000     0.00000000     0.00000000     0.00000000     0.00000000     0.00893333     0.00349974
       7      0.33258926     0.50375650  -730.80362621   439.06658118     0.00000000     0.00000000     0.00000000     0.00000000     0.00000000     0.00000000     0.00000000     0.00000000     0.00000000     0.00000000     0.00774286     0.00319584
       8      0.44474035     0.45309906  -681.40702968   386.95193102     0.00000000     0.00000000     0.00000000     0.00000000     0.00000000     0.00000000     0.00000000     0.00000000     0.00000000     0.00000000     0.00650000     0.00302841
       9      0.45172907     0.40280861  -605.93127175   351.24100068     0.00000000     0.00000000     0.00000000     0.00000000     0.00000000     0.00000000     0.00000000     0.00000000     0.00000000     0.00000000     0.00800000     0.00304079
      10      0.41159493     0.36452167  -549.78193402   320.57349885     0.00000000     0.00000000     0.00000000     0.00000000     0.00000000     0.00000000     0.00000000     0.00000000     0.00000000     0.00000000     0.00806000     0.00273731
      11      0.40481522     0.33144637  -502.53884060   294.89102768     0.00000000     0.00000000     0.00000000     0.00000000     0.00000000     0.00000000     0.00000000     0.00000000     0.00000000     0.00000000     0.00643636     0.00293069
      12      0.41393161     0.30395119  -463.62523942   272.87220155     0.00000000     0.00000000     0.00000000     0.00000000     0.00000000     0.00000000     0.00000000     0.00000000     0.00000000     0.00000000     0.00518333     0.00294217
      13      0.39918473     0.28092784  -428.82229730   254.09177525     0.00000000     0.00000000     0.00000000     0.00000000     0.00000000     0.00000000     0.00000000     0.00000000     0.00000000     0.00000000     0.00541538     0.00272499
      14      0.39856603     0.26086225  -398.64389627   237.72774734     0.00000000     0.00000000     0.00000000     0.00000000     0.00000000     0.00000000     0.00000000     0.00000000     0.00000000     0.00000000     0.00600000     0.00259230
      15      0.40835172     0.24365491  -373.20396860   223.23628067     0.00000000     0.00000000     0.00000000     0.00000000     0.00000000     0.00000000     0.00000000     0.00000000     0.00000000     0.00000000     0.00494667     0.00262477
      16      0.42148849     0.22878034  -352.34774943   210.25601932     0.00000000     0.00000000     0.00000000     0.00000000     0.00000000     0.00000000     0.00000000     0.00000000     0.00000000     0.00000000     0.00410000     0.00259368
      17      0.58133558     0.26535248  -496.95474456   242.57118789     0.00000000     0.00000000     0.00000000     0.00000000     0.00000000     0.00000000     0.00000000     0.00000000     0.00000000     0.00000000     0.00387059     0.00245124
      18      0.52319039     0.25690221  -479.03557665   229.75591798     0.00000000     0.00000000     0.00000000     0.00000000     0.00000000     0.00000000     0.00000000     0.00000000     0.00000000     0.00000000     0.00372222     0.00231954
      19      0.46158973     0.25065765  -478.52768081   217.66406261     0.00000000     0.00000000     0.00000000     0.00000000     0.00000000     0.00000000     0.00000000     0.00000000     0.00000000     0.00000000     0.00368421     0.00219777
      20      0.44927852     0.23842691  -455.66686919   207.97790681     0.00000000     0.00000000     0.00000000     0.00000000     0.00000000     0.00000000     0.00000000     0.00000000     0.00000000     0.00000000     0.00429000     0.00216977
  
  ==========================================
  RSSE: Resummation-based SSE
  Lattice:    3 x    1
  beta =   12.000
  N =    2.000
   Mode: RSSE local updates (uncolored loops)
  ==========================================
  
  RSSE Results for SU(N) Heisenberg
  Cut-off M :           66
  Bins completed :           20
  =========================================
  -E/N        :      0.44927852     0.23842691
   C/N        :   -455.66686919   207.97790681
   <m**2>     :      0.00000000     0.00000000
   rhos_x     :      0.00000000     0.00000000
   rhos_y     :      0.00000000     0.00000000
   rhos_av    :      0.00000000     0.00000000
   X(0,0)     :      0.00000000     0.00000000
   <sign>     :      0.00429000     0.00216977
  =========================================
 # RSSE per-bin table
  cols: bin, -E/N,err, C/N,err, <m^2>,err, rhos_x,err, rhos_y,err, rhos_av,err, X(0,0),err
        <sign>_mean, <sign>_err
       1      0.41786398     0.00000000    22.52236920     0.00000000     0.00000000     0.00000000     0.00000000     0.00000000     0.00000000     0.00000000     0.00000000     0.00000000     0.00000000     0.00000000     0.01160000     0.00000000
       2      0.40544499     0.00878155    11.08727484     8.08583277     0.00000000     0.00000000     0.00000000     0.00000000     0.00000000     0.00000000     0.00000000     0.00000000     0.00000000     0.00000000     0.01050000     0.00077782
       3      0.44212039     0.03051224    -0.08317589    10.59452994     0.00000000     0.00000000     0.00000000     0.00000000     0.00000000     0.00000000     0.00000000     0.00000000     0.00000000     0.00000000     0.00173333     0.00717671
       4      0.27454664     0.14691632   -50.19716083    44.12137692     0.00000000     0.00000000     0.00000000     0.00000000     0.00000000     0.00000000     0.00000000     0.00000000     0.00000000     0.00000000     0.00200000     0.00538749
       5      0.20900929     0.13133977   -50.87707334    35.30233989     0.00000000     0.00000000     0.00000000     0.00000000     0.00000000     0.00000000     0.00000000     0.00000000     0.00000000     0.00000000     0.00252000     0.00433501
       6      0.24593367     0.11452264   -45.23834211    29.86554999     0.00000000     0.00000000     0.00000000     0.00000000     0.00000000     0.00000000     0.00000000     0.00000000     0.00000000     0.00000000    -0.00020000     0.00438356
       7      0.27449076     0.10166040   -38.28774562    26.39545879     0.00000000     0.00000000     0.00000000     0.00000000     0.00000000     0.00000000     0.00000000     0.00000000     0.00000000     0.00000000    -0.00131429     0.00389638
       8      0.14402557     0.15101698  -104.02815809    65.68868274     0.00000000     0.00000000     0.00000000     0.00000000     0.00000000     0.00000000     0.00000000     0.00000000     0.00000000     0.00000000    -0.00082500     0.00343992
       9      0.13085195     0.13481068   -93.11479279    59.28957038     0.00000000     0.00000000     0.00000000     0.00000000     0.00000000     0.00000000     0.00000000     0.00000000     0.00000000     0.00000000    -0.00046667     0.00307631
      10      0.18478064     0.13167516   -85.84966767    53.80389293     0.00000000     0.00000000     0.00000000     0.00000000     0.00000000     0.00000000     0.00000000     0.00000000     0.00000000     0.00000000     0.00022000     0.00284429
      11      0.32076018     0.17646161  -136.14363728    68.49799787     0.00000000     0.00000000     0.00000000     0.00000000     0.00000000     0.00000000     0.00000000     0.00000000     0.00000000     0.00000000     0.00027273     0.00258620
      12      0.31875010     0.16176792  -125.45208784    63.61875812     0.00000000     0.00000000     0.00000000     0.00000000     0.00000000     0.00000000     0.00000000     0.00000000     0.00000000     0.00000000     0.00160000     0.00268980
      13      0.32967581     0.14969274  -111.11095039    60.31976538     0.00000000     0.00000000     0.00000000     0.00000000     0.00000000     0.00000000     0.00000000     0.00000000     0.00000000     0.00000000     0.00121538     0.00251024
      14      0.32097105     0.13925327  -103.15750374    56.53312887     0.00000000     0.00000000     0.00000000     0.00000000     0.00000000     0.00000000     0.00000000     0.00000000     0.00000000     0.00000000     0.00188571     0.00241878
      15      0.33389316     0.13056790   -96.44424976    53.16135551     0.00000000     0.00000000     0.00000000     0.00000000     0.00000000     0.00000000     0.00000000     0.00000000     0.00000000     0.00000000     0.00074667     0.00251145
      16      0.32558880     0.12267120   -93.07225804    49.94559797     0.00000000     0.00000000     0.00000000     0.00000000     0.00000000     0.00000000     0.00000000     0.00000000     0.00000000     0.00000000     0.00093750     0.00236172
      17      0.33503129     0.11581809   -90.32641093    47.08304001     0.00000000     0.00000000     0.00000000     0.00000000     0.00000000     0.00000000     0.00000000     0.00000000     0.00000000     0.00000000     0.00055294     0.00225389
      18      0.09059539     0.26152309  -568.13132226   466.46723266     0.00000000     0.00000000     0.00000000     0.00000000     0.00000000     0.00000000     0.00000000     0.00000000     0.00000000     0.00000000     0.00055556     0.00212867
      19      0.10739154     0.24829750  -537.63699410   442.91195585     0.00000000     0.00000000     0.00000000     0.00000000     0.00000000     0.00000000     0.00000000     0.00000000     0.00000000     0.00000000     0.00141053     0.00218159
      20      0.10575760     0.23588800  -512.57514043   421.47481509     0.00000000     0.00000000     0.00000000     0.00000000     0.00000000     0.00000000     0.00000000     0.00000000     0.00000000     0.00000000     0.00163000     0.00208352
  
  ==========================================
  RSSE: Resummation-based SSE
  Lattice:    3 x    1
  beta =   12.000
  N =    2.000
   Mode: RSSE local updates (uncolored loops)
  ==========================================
  
  RSSE Results for SU(N) Heisenberg
  Cut-off M :           66
  Bins completed :           20
  =========================================
  -E/N        :      0.10575760     0.23588800
   C/N        :   -512.57514043   421.47481509
   <m**2>     :      0.00000000     0.00000000
   rhos_x     :      0.00000000     0.00000000
   rhos_y     :      0.00000000     0.00000000
   rhos_av    :      0.00000000     0.00000000
   X(0,0)     :      0.00000000     0.00000000
   <sign>     :      0.00163000     0.00208352
  =========================================
 # RSSE per-bin table
  cols: bin, -E/N,err, C/N,err, <m^2>,err, rhos_x,err, rhos_y,err, rhos_av,err, X(0,0),err
        <sign>_mean, <sign>_err
       1      0.75220307     0.00000000   -32.57716508     0.00000000     0.00000000     0.00000000     0.00000000     0.00000000     0.00000000     0.00000000     0.00000000     0.00000000     0.00000000     0.00000000    -0.01160000     0.00000000
       2      0.73779744     0.01018632   -62.18978291    20.93928288     0.00000000     0.00000000     0.00000000     0.00000000     0.00000000     0.00000000     0.00000000     0.00000000     0.00000000     0.00000000    -0.00390000     0.00544472
       3      0.77382263     0.03018817   -34.40226646    26.63892451     0.00000000     0.00000000     0.00000000     0.00000000     0.00000000     0.00000000     0.00000000     0.00000000     0.00000000     0.00000000    -0.00026667     0.00468789
       4      0.81146453     0.03969012   -25.25939698    21.49097985     0.00000000     0.00000000     0.00000000     0.00000000     0.00000000     0.00000000     0.00000000     0.00000000     0.00000000     0.00000000    -0.00225000     0.00391304
       5      0.80989960     0.03178293   -27.51105174    17.31033728     0.00000000     0.00000000     0.00000000     0.00000000     0.00000000     0.00000000     0.00000000     0.00000000     0.00000000     0.00000000    -0.00296000     0.00319419
       6      0.96367294     0.14285202  -104.75930426    71.97800011     0.00000000     0.00000000     0.00000000     0.00000000     0.00000000     0.00000000     0.00000000     0.00000000     0.00000000     0.00000000    -0.00223333     0.00274324
       7      0.95974205     0.12249866   -92.37290835    62.75214083     0.00000000     0.00000000     0.00000000     0.00000000     0.00000000     0.00000000     0.00000000     0.00000000     0.00000000     0.00000000    -0.00540000     0.00375820
       8      0.94360264     0.10824430   -84.41615025    55.41027202     0.00000000     0.00000000     0.00000000     0.00000000     0.00000000     0.00000000     0.00000000     0.00000000     0.00000000     0.00000000    -0.00375000     0.00363262
       9      0.92257856     0.09823767   -84.72027555    49.25440973     0.00000000     0.00000000     0.00000000     0.00000000     0.00000000     0.00000000     0.00000000     0.00000000     0.00000000     0.00000000    -0.00291111     0.00332445
      10      0.85829293     0.10740762  -109.57303272    50.20907345     0.00000000     0.00000000     0.00000000     0.00000000     0.00000000     0.00000000     0.00000000     0.00000000     0.00000000     0.00000000    -0.00222000     0.00306300
  
  ==========================================
  RSSE: Resummation-based SSE
  Lattice:    3 x    3
  beta =   10.000
  N =    3.000
   Mode: RSSE local updates (uncolored loops)
  ==========================================
  
  RSSE Results for SU(N) Heisenberg
  Cut-off M :          224
  Bins completed :           10
  =========================================
  -E/N        :      0.85829293     0.10740762
   C/N        :   -109.57303272    50.20907345
   <m**2>     :      0.00000000     0.00000000
   rhos_x     :      0.00000000     0.00000000
   rhos_y     :      0.00000000     0.00000000
   rhos_av    :      0.00000000     0.00000000
   X(0,0)     :      0.00000000     0.00000000
   <sign>     :     -0.00222000     0.00306300
  =========================================
 # RSSE per-bin table
  cols: bin, -E/N,err, C/N,err, <m^2>,err, rhos_x,err, rhos_y,err, rhos_av,err, X(0,0),err
        <sign>_mean, <sign>_err
       1      0.54010137     0.00000000     0.52966483     0.00000000     0.00000000     0.00000000     0.00000000     0.00000000     0.00000000     0.00000000     0.00000000     0.00000000     0.00000000     0.00000000     0.11180000     0.00000000
       2      0.55623114     0.01140547     0.26211466     0.18918654     0.00000000     0.00000000     0.00000000     0.00000000     0.00000000     0.00000000     0.00000000     0.00000000     0.00000000     0.00000000     0.12400000     0.00862670
       3      0.54989782     0.00919544     0.25380810     0.12630658     0.00000000     0.00000000     0.00000000     0.00000000     0.00000000     0.00000000     0.00000000     0.00000000     0.00000000     0.00000000     0.12400000     0.00575114
       4      0.56170350     0.01233261     0.51346837     0.24401097     0.00000000     0.00000000     0.00000000     0.00000000     0.00000000     0.00000000     0.00000000     0.00000000     0.00000000     0.00000000     0.12715000     0.00510361
       5      0.56172752     0.00986611     0.47658129     0.19797725     0.00000000     0.00000000     0.00000000     0.00000000     0.00000000     0.00000000     0.00000000     0.00000000     0.00000000     0.00000000     0.12636000     0.00414358
       6      0.57092078     0.01174850     0.52784719     0.17149025     0.00000000     0.00000000     0.00000000     0.00000000     0.00000000     0.00000000     0.00000000     0.00000000     0.00000000     0.00000000     0.12966667     0.00458637
       7      0.56524410     0.01135909     0.51781242     0.14728494     0.00000000     0.00000000     0.00000000     0.00000000     0.00000000     0.00000000     0.00000000     0.00000000     0.00000000     0.00000000     0.12768571     0.00433794
       8      0.56938309     0.01066666     0.51714157     0.12887585     0.00000000     0.00000000     0.00000000     0.00000000     0.00000000     0.00000000     0.00000000     0.00000000     0.00000000     0.00000000     0.12887500     0.00395537
       9      0.56884822     0.00949488     0.53042592     0.11523895     0.00000000     0.00000000     0.00000000     0.00000000     0.00000000     0.00000000     0.00000000     0.00000000     0.00000000     0.00000000     0.12880000     0.00351659
      10      0.56351343     0.00993165     0.43174655     0.13971638     0.00000000     0.00000000     0.00000000     0.00000000     0.00000000     0.00000000     0.00000000     0.00000000     0.00000000     0.00000000     0.12678000     0.00369989
  
  ==========================================
  RSSE: Resummation-based SSE
  Lattice:    3 x    3
  beta =    2.000
  N =    3.000
   Mode: RSSE local updates (uncolored loops)
  ==========================================
  
  RSSE Results for SU(N) Heisenberg
  Cut-off M :           62
  Bins completed :           10
  =========================================
  -E/N        :      0.56351343     0.00993165
   C/N        :      0.43174655     0.13971638
   <m**2>     :      0.00000000     0.00000000
   rhos_x     :      0.00000000     0.00000000
   rhos_y     :      0.00000000     0.00000000
   rhos_av    :      0.00000000     0.00000000
   X(0,0)     :      0.00000000     0.00000000
   <sign>     :      0.12678000     0.00369989
  =========================================
 # RSSE per-bin table
  cols: bin, -E/N,err, C/N,err, <m^2>,err, rhos_x,err, rhos_y,err, rhos_av,err, X(0,0),err
        <sign>_mean, <sign>_err
       1      0.41285403     0.00000000   -12.81122645     0.00000000     0.00000000     0.00000000     0.00000000     0.00000000     0.00000000     0.00000000     0.00000000     0.00000000     0.00000000     0.00000000     0.02040000     0.00000000
       2      0.56732527     0.10922766    -4.80855799     5.65874114     0.00000000     0.00000000     0.00000000     0.00000000     0.00000000     0.00000000     0.00000000     0.00000000     0.00000000     0.00000000     0.01890000     0.00106066
       3      0.61642514     0.08312475    -2.57668446     4.18957651     0.00000000     0.00000000     0.00000000     0.00000000     0.00000000     0.00000000     0.00000000     0.00000000     0.00000000     0.00000000     0.02040000     0.00141421
       4      0.63763562     0.06499333    -1.39242889     3.30532238     0.00000000     0.00000000     0.00000000     0.00000000     0.00000000     0.00000000     0.00000000     0.00000000     0.00000000     0.00000000     0.01910000     0.00154677
       5      0.66514322     0.05752199    -1.11040714     2.65626220     0.00000000     0.00000000     0.00000000     0.00000000     0.00000000     0.00000000     0.00000000     0.00000000     0.00000000     0.00000000     0.01784000     0.00167370
       6      0.63877022     0.05364118    -2.17959253     2.41918228     0.00000000     0.00000000     0.00000000     0.00000000     0.00000000     0.00000000     0.00000000     0.00000000     0.00000000     0.00000000     0.01683333     0.00167027
       7      0.66976835     0.05419968    -1.55863189     2.15180424     0.00000000     0.00000000     0.00000000     0.00000000     0.00000000     0.00000000     0.00000000     0.00000000     0.00000000     0.00000000     0.01862857     0.00219366
       8      0.67622552     0.04780782    -1.13785353     1.92352972     0.00000000     0.00000000     0.00000000     0.00000000     0.00000000     0.00000000     0.00000000     0.00000000     0.00000000     0.00000000     0.01862500     0.00191945
       9      0.67369370     0.04256282    -0.62719759     1.77629544     0.00000000     0.00000000     0.00000000     0.00000000     0.00000000     0.00000000     0.00000000     0.00000000     0.00000000     0.00000000     0.01780000     0.00187511
      10      0.68383050     0.03949520     0.25601797     1.80493640     0.00000000     0.00000000     0.00000000     0.00000000     0.00000000     0.00000000     0.00000000     0.00000000     0.00000000     0.00000000     0.01752000     0.00170838
  
  ==========================================
  RSSE: Resummation-based SSE
  Lattice:    3 x    3
  beta =    3.000
  N =    3.000
   Mode: RSSE local updates (uncolored loops)
  ==========================================
  
  RSSE Results for SU(N) Heisenberg
  Cut-off M :           82
  Bins completed :           10
  =========================================
  -E/N        :      0.68383050     0.03949520
   C/N        :      0.25601797     1.80493640
   <m**2>     :      0.00000000     0.00000000
   rhos_x     :      0.00000000     0.00000000
   rhos_y     :      0.00000000     0.00000000
   rhos_av    :      0.00000000     0.00000000
   X(0,0)     :      0.00000000     0.00000000
   <sign>     :      0.01752000     0.00170838
  =========================================
